Electrophile_SMILES,Nucleophile_SMILES,Ligand_SMILES,Base_SMILES,Solvent_SMILES,yield
1,0,3,6,2,4.76
1,0,8,6,2,4.12
1,0,0,6,2,2.58
1,0,9,6,2,4.44
1,0,5,6,2,1.95
1,0,6,6,2,3.25
1,0,7,6,2,86.26
1,0,1,6,2,7.55
1,0,2,6,2,93.67
1,0,10,6,2,14.32
1,0,4,6,2,2.11
1,0,3,3,2,3.16
1,0,8,3,2,4.75
1,0,0,3,2,2.46
1,0,9,3,2,5.27
1,0,5,3,2,1.96
1,0,6,3,2,3.35
1,0,7,3,2,69.22
1,0,1,3,2,5.1
1,0,2,3,2,83.19
1,0,10,3,2,13.68
1,0,4,3,2,1.82
1,0,3,4,2,1.79
1,0,8,4,2,4.36
1,0,0,4,2,2.71
1,0,9,4,2,6.49
1,0,5,4,2,2.1
1,0,6,4,2,3.32
1,0,7,4,2,68.44
1,0,1,4,2,5.84
1,0,2,4,2,73.02
1,0,10,4,2,13.2
1,0,4,4,2,2.1
1,0,3,2,2,3.0
1,0,8,2,2,4.73
1,0,0,2,2,2.58
1,0,9,2,2,5.83
1,0,5,2,2,1.88
1,0,6,2,2,3.69
1,0,7,2,2,53.34
1,0,1,2,2,5.8
1,0,2,2,2,60.67
1,0,10,2,2,14.39
1,0,4,2,2,2.27
1,0,3,5,2,5.6
1,0,8,5,2,4.82
1,0,0,5,2,2.49
1,0,9,5,2,6.46
1,0,5,5,2,2.06
1,0,6,5,2,3.22
1,0,7,5,2,78.42
1,0,1,5,2,8.94
1,0,2,5,2,92.22
1,0,10,5,2,14.22
1,0,4,5,2,2.35
1,0,3,0,2,7.08
1,0,8,0,2,5.45
1,0,0,0,2,1.99
1,0,9,0,2,6.08
1,0,5,0,2,2.45
1,0,6,0,2,3.57
1,0,7,0,2,85.77
1,0,1,0,2,9.78
1,0,2,0,2,92.83
1,0,10,0,2,15.41
1,0,4,0,2,2.43
1,0,3,1,2,7.82
1,0,8,1,2,6.14
1,0,0,1,2,2.13
1,0,9,1,2,5.05
1,0,5,1,2,1.98
1,0,6,1,2,4.47
1,0,7,1,2,78.96
1,0,1,1,2,7.0
1,0,2,1,2,90.3
1,0,10,1,2,15.36
1,0,4,1,2,2.51
1,0,3,6,0,33.79
1,0,8,6,0,8.08
1,0,0,6,0,61.2
1,0,9,6,0,69.94
1,0,5,6,0,7.2
1,0,6,6,0,79.47
1,0,7,6,0,87.06
1,0,1,6,0,12.7
1,0,2,6,0,88.97
1,0,10,6,0,27.93
1,0,4,6,0,6.11
1,0,3,3,0,66.74
1,0,8,3,0,8.11
1,0,0,3,0,57.48
1,0,9,3,0,61.89
1,0,5,3,0,2.23
1,0,6,3,0,70.45
1,0,7,3,0,79.85
1,0,1,3,0,9.6
1,0,2,3,0,80.77
1,0,10,3,0,19.24
1,0,4,3,0,5.2
1,0,3,4,0,39.17
1,0,8,4,0,7.24
1,0,0,4,0,44.98
1,0,9,4,0,50.95
1,0,5,4,0,2.23
1,0,6,4,0,61.29
1,0,7,4,0,60.83
1,0,1,4,0,9.94
1,0,2,4,0,53.52
1,0,10,4,0,18.18
1,0,4,4,0,3.68
1,0,3,2,0,41.23
1,0,8,2,0,6.66
1,0,0,2,0,33.02
1,0,9,2,0,50.06
1,0,5,2,0,2.68
1,0,6,2,0,55.85
1,0,7,2,0,47.94
1,0,1,2,0,9.37
1,0,2,2,0,52.33
1,0,10,2,0,20.18
1,0,4,2,0,4.25
1,0,3,5,0,48.56
1,0,8,5,0,7.77
1,0,0,5,0,42.73
1,0,9,5,0,55.08
1,0,5,5,0,3.03
1,0,6,5,0,62.33
1,0,7,5,0,73.31
1,0,1,5,0,12.3
1,0,2,5,0,72.0
1,0,10,5,0,26.14
1,0,4,5,0,4.54
1,0,3,0,0,66.16
1,0,8,0,0,9.92
1,0,0,0,0,58.51
1,0,9,0,0,78.15
1,0,5,0,0,5.12
1,0,6,0,0,62.02
1,0,7,0,0,85.95
1,0,1,0,0,13.91
1,0,2,0,0,85.21
1,0,10,0,0,26.83
1,0,4,0,0,0.0
1,0,3,1,0,68.72
1,0,8,1,0,10.16
1,0,0,1,0,48.8
1,0,9,1,0,82.65
1,0,5,1,0,5.97
1,0,6,1,0,80.74
1,0,7,1,0,87.82
1,0,1,1,0,13.56
1,0,2,1,0,88.93
1,0,10,1,0,21.65
1,0,4,1,0,3.64
1,0,3,6,3,17.33
1,0,8,6,3,6.27
1,0,0,6,3,5.34
1,0,9,6,3,12.74
1,0,5,6,3,5.37
1,0,6,6,3,8.6
1,0,7,6,3,77.85
1,0,1,6,3,10.03
1,0,2,6,3,88.28
1,0,10,6,3,13.87
1,0,4,6,3,4.8
1,0,3,3,3,3.5
1,0,8,3,3,6.84
1,0,0,3,3,2.54
1,0,9,3,3,10.59
1,0,5,3,3,1.19
1,0,6,3,3,7.85
1,0,7,3,3,42.13
1,0,1,3,3,6.81
1,0,2,3,3,37.01
1,0,10,3,3,16.24
1,0,4,3,3,0.0
1,0,3,4,3,1.22
1,0,8,4,3,6.24
1,0,0,4,3,4.25
1,0,9,4,3,42.54
1,0,5,4,3,1.05
1,0,6,4,3,12.89
1,0,7,4,3,63.88
1,0,1,4,3,8.67
1,0,2,4,3,60.88
1,0,10,4,3,8.67
1,0,4,4,3,5.15
1,0,3,2,3,3.69
1,0,8,2,3,5.3
1,0,0,2,3,5.08
1,0,9,2,3,6.97
1,0,5,2,3,0.99
1,0,6,2,3,11.91
1,0,7,2,3,39.83
1,0,1,2,3,7.58
1,0,2,2,3,39.49
1,0,10,2,3,9.03
1,0,4,2,3,0.0
1,0,3,5,3,13.55
1,0,8,5,3,4.36
1,0,0,5,3,3.3
1,0,9,5,3,7.47
1,0,5,5,3,3.54
1,0,6,5,3,10.67
1,0,7,5,3,62.77
1,0,1,5,3,8.83
1,0,2,5,3,79.14
1,0,10,5,3,10.07
1,0,4,5,3,4.46
1,0,3,0,3,23.07
1,0,8,0,3,7.07
1,0,0,0,3,4.12
1,0,9,0,3,6.71
1,0,5,0,3,2.67
1,0,6,0,3,6.27
1,0,7,0,3,71.54
1,0,1,0,3,10.01
1,0,2,0,3,61.47
1,0,10,0,3,9.54
1,0,4,0,3,0.0
1,0,3,1,3,17.9
1,0,8,1,3,4.61
1,0,0,1,3,4.6
1,0,9,1,3,7.56
1,0,5,1,3,2.56
1,0,6,1,3,6.26
1,0,7,1,3,72.84
1,0,1,1,3,10.17
1,0,2,1,3,67.48
1,0,10,1,3,9.64
1,0,4,1,3,0.0
1,0,3,6,1,33.37
1,0,8,6,1,15.35
1,0,0,6,1,30.96
1,0,9,6,1,32.72
1,0,5,6,1,34.24
1,0,6,6,1,14.91
1,0,7,6,1,43.3
1,0,1,6,1,17.57
1,0,2,6,1,37.65
1,0,10,6,1,14.59
1,0,4,6,1,13.1
1,0,3,3,1,27.3
1,0,8,3,1,37.47
1,0,0,3,1,13.08
1,0,9,3,1,27.89
1,0,5,3,1,14.4
1,0,6,3,1,25.15
1,0,7,3,1,16.51
1,0,1,3,1,27.56
1,0,2,3,1,30.98
1,0,10,3,1,20.16
1,0,4,3,1,25.9
1,0,3,4,1,28.45
1,0,8,4,1,13.64
1,0,0,4,1,31.82
1,0,9,4,1,30.94
1,0,5,4,1,31.98
1,0,6,4,1,28.13
1,0,7,4,1,18.42
1,0,1,4,1,15.46
1,0,2,4,1,35.0
1,0,10,4,1,20.71
1,0,4,4,1,32.24
1,0,3,2,1,26.85
1,0,8,2,1,15.5
1,0,0,2,1,12.57
1,0,9,2,1,14.4
1,0,5,2,1,13.04
1,0,6,2,1,15.23
1,0,7,2,1,22.25
1,0,1,2,1,17.28
1,0,2,2,1,22.24
1,0,10,2,1,15.83
1,0,4,2,1,14.97
1,0,3,5,1,14.91
1,0,8,5,1,18.37
1,0,0,5,1,22.52
1,0,9,5,1,39.31
1,0,5,5,1,18.24
1,0,6,5,1,30.77
1,0,7,5,1,19.02
1,0,1,5,1,16.03
1,0,2,5,1,40.25
1,0,10,5,1,17.68
1,0,4,5,1,15.64
1,0,3,0,1,12.85
1,0,8,0,1,22.93
1,0,0,0,1,12.79
1,0,9,0,1,13.31
1,0,5,0,1,11.64
1,0,6,0,1,13.56
1,0,7,0,1,16.83
1,0,1,0,1,21.55
1,0,2,0,1,27.33
1,0,10,0,1,26.97
1,0,4,0,1,25.55
1,0,3,1,1,12.62
1,0,8,1,1,17.43
1,0,0,1,1,13.35
1,0,9,1,1,27.89
1,0,5,1,1,14.65
1,0,6,1,1,31.02
1,0,7,1,1,18.02
1,0,1,1,1,16.25
1,0,2,1,1,32.86
1,0,10,1,1,37.85
1,0,4,1,1,15.18
0,0,3,6,2,79.31
0,0,8,6,2,85.43
0,0,0,6,2,86.82
0,0,9,6,2,75.98
0,0,5,6,2,41.8
0,0,6,6,2,96.38
0,0,7,6,2,92.63
0,0,1,6,2,46.79
0,0,2,6,2,90.21
0,0,10,6,2,26.02
0,0,4,6,2,10.74
0,0,3,3,2,93.3
0,0,8,3,2,90.89
0,0,0,3,2,93.44
0,0,9,3,2,86.13
0,0,5,3,2,28.22
0,0,6,3,2,93.94
0,0,7,3,2,71.11
0,0,1,3,2,33.61
0,0,2,3,2,56.96
0,0,10,3,2,59.54
0,0,4,3,2,0.64
0,0,3,4,2,76.51
0,0,8,4,2,68.5
0,0,0,4,2,83.6
0,0,9,4,2,71.0
0,0,5,4,2,39.98
0,0,6,4,2,84.02
0,0,7,4,2,46.81
0,0,1,4,2,37.36
0,0,2,4,2,46.08
0,0,10,4,2,47.46
0,0,4,4,2,1.21
0,0,3,2,2,67.14
0,0,8,2,2,62.56
0,0,0,2,2,77.71
0,0,9,2,2,48.17
0,0,5,2,2,30.4
0,0,6,2,2,82.69
0,0,7,2,2,36.08
0,0,1,2,2,36.42
0,0,2,2,2,34.03
0,0,10,2,2,46.73
0,0,4,2,2,1.05
0,0,3,5,2,78.75
0,0,8,5,2,76.72
0,0,0,5,2,87.47
0,0,9,5,2,63.2
0,0,5,5,2,40.06
0,0,6,5,2,95.57
0,0,7,5,2,71.71
0,0,1,5,2,39.98
0,0,2,5,2,74.15
0,0,10,5,2,49.25
0,0,4,5,2,9.39
0,0,3,0,2,90.99
0,0,8,0,2,96.76
0,0,0,0,2,91.93
0,0,9,0,2,87.49
0,0,5,0,2,34.73
0,0,6,0,2,95.88
0,0,7,0,2,92.53
0,0,1,0,2,48.99
0,0,2,0,2,75.54
0,0,10,0,2,31.65
0,0,4,0,2,9.99
0,0,3,1,2,91.95
0,0,8,1,2,88.9
0,0,0,1,2,91.32
0,0,9,1,2,90.6
0,0,5,1,2,25.72
0,0,6,1,2,96.05
0,0,7,1,2,81.16
0,0,1,1,2,38.88
0,0,2,1,2,64.3
0,0,10,1,2,57.41
0,0,4,1,2,5.49
0,0,3,6,0,87.82
0,0,8,6,0,90.21
0,0,0,6,0,86.25
0,0,9,6,0,78.26
0,0,5,6,0,70.18
0,0,6,6,0,96.57
0,0,7,6,0,72.44
0,0,1,6,0,67.89
0,0,2,6,0,71.64
0,0,10,6,0,25.0
0,0,4,6,0,11.97
0,0,3,3,0,93.99
0,0,8,3,0,95.93
0,0,0,3,0,91.69
0,0,9,3,0,74.19
0,0,5,3,0,56.2
0,0,6,3,0,96.89
0,0,7,3,0,67.2
0,0,1,3,0,55.38
0,0,2,3,0,48.37
0,0,10,3,0,17.13
0,0,4,3,0,4.66
0,0,3,4,0,72.82
0,0,8,4,0,75.08
0,0,0,4,0,74.79
0,0,9,4,0,55.51
0,0,5,4,0,51.71
0,0,6,4,0,75.62
0,0,7,4,0,32.56
0,0,1,4,0,44.38
0,0,2,4,0,19.33
0,0,10,4,0,23.53
0,0,4,4,0,6.45
0,0,3,2,0,60.2
0,0,8,2,0,70.78
0,0,0,2,0,70.16
0,0,9,2,0,34.61
0,0,5,2,0,34.54
0,0,6,2,0,79.66
0,0,7,2,0,34.88
0,0,1,2,0,44.65
0,0,2,2,0,24.48
0,0,10,2,0,19.24
0,0,4,2,0,1.41
0,0,3,5,0,66.68
0,0,8,5,0,73.8
0,0,0,5,0,75.63
0,0,9,5,0,44.1
0,0,5,5,0,52.45
0,0,6,5,0,87.88
0,0,7,5,0,51.15
0,0,1,5,0,57.36
0,0,2,5,0,50.12
0,0,10,5,0,22.22
0,0,4,5,0,5.31
0,0,3,0,0,92.77
0,0,8,0,0,87.78
0,0,0,0,0,89.22
0,0,9,0,0,73.6
0,0,5,0,0,73.33
0,0,6,0,0,97.29
0,0,7,0,0,68.32
0,0,1,0,0,67.4
0,0,2,0,0,45.58
0,0,10,0,0,24.04
0,0,4,0,0,9.88
0,0,3,1,0,94.67
0,0,8,1,0,94.88
0,0,0,1,0,91.88
0,0,9,1,0,80.43
0,0,5,1,0,41.28
0,0,6,1,0,97.83
0,0,7,1,0,70.45
0,0,1,1,0,68.66
0,0,2,1,0,60.95
0,0,10,1,0,21.57
0,0,4,1,0,9.14
0,0,3,6,3,72.57
0,0,8,6,3,75.94
0,0,0,6,3,66.37
0,0,9,6,3,55.56
0,0,5,6,3,17.1
0,0,6,6,3,81.09
0,0,7,6,3,59.55
0,0,1,6,3,37.66
0,0,2,6,3,26.44
0,0,10,6,3,13.84
0,0,4,6,3,9.74
0,0,3,3,3,13.2
0,0,8,3,3,84.39
0,0,0,3,3,29.98
0,0,9,3,3,37.34
0,0,5,3,3,11.56
0,0,6,3,3,50.79
0,0,7,3,3,27.28
0,0,1,3,3,14.78
0,0,2,3,3,10.88
0,0,10,3,3,17.45
0,0,4,3,3,1.48
0,0,3,4,3,9.48
0,0,8,4,3,84.61
0,0,0,4,3,57.94
0,0,9,4,3,57.56
0,0,5,4,3,14.51
0,0,6,4,3,80.36
0,0,7,4,3,62.26
0,0,1,4,3,28.71
0,0,2,4,3,44.81
0,0,10,4,3,14.38
0,0,4,4,3,1.88
0,0,3,2,3,50.79
0,0,8,2,3,72.94
0,0,0,2,3,56.65
0,0,9,2,3,29.96
0,0,5,2,3,16.2
0,0,6,2,3,65.71
0,0,7,2,3,22.24
0,0,1,2,3,23.11
0,0,2,2,3,29.35
0,0,10,2,3,12.76
0,0,4,2,3,1.38
0,0,3,5,3,49.15
0,0,8,5,3,80.18
0,0,0,5,3,67.22
0,0,9,5,3,60.71
0,0,5,5,3,20.57
0,0,6,5,3,84.99
0,0,7,5,3,62.66
0,0,1,5,3,40.32
0,0,2,5,3,30.55
0,0,10,5,3,15.74
0,0,4,5,3,14.1
0,0,3,0,3,82.07
0,0,8,0,3,81.23
0,0,0,0,3,59.02
0,0,9,0,3,64.13
0,0,5,0,3,16.87
0,0,6,0,3,77.38
0,0,7,0,3,48.5
0,0,1,0,3,39.14
0,0,2,0,3,18.95
0,0,10,0,3,14.07
0,0,4,0,3,3.85
0,0,3,1,3,66.97
0,0,8,1,3,69.58
0,0,0,1,3,50.06
0,0,9,1,3,38.25
0,0,5,1,3,23.23
0,0,6,1,3,65.03
0,0,7,1,3,22.76
0,0,1,1,3,19.57
0,0,2,1,3,22.27
0,0,10,1,3,12.81
0,0,4,1,3,0.93
0,0,3,6,1,85.05
0,0,8,6,1,92.8
0,0,0,6,1,77.34
0,0,9,6,1,91.24
0,0,5,6,1,87.0
0,0,6,6,1,91.58
0,0,7,6,1,92.88
0,0,1,6,1,54.52
0,0,2,6,1,91.27
0,0,10,6,1,55.16
0,0,4,6,1,0.8
0,0,3,3,1,77.88
0,0,8,3,1,92.6
0,0,0,3,1,81.73
0,0,9,3,1,92.24
0,0,5,3,1,93.79
0,0,6,3,1,86.98
0,0,7,3,1,85.69
0,0,1,3,1,31.27
0,0,2,3,1,82.19
0,0,10,3,1,27.37
0,0,4,3,1,2.18
0,0,3,4,1,69.56
0,0,8,4,1,75.46
0,0,0,4,1,75.58
0,0,9,4,1,75.43
0,0,5,4,1,87.41
0,0,6,4,1,80.5
0,0,7,4,1,56.64
0,0,1,4,1,37.65
0,0,2,4,1,45.64
0,0,10,4,1,16.4
0,0,4,4,1,1.6
0,0,3,2,1,84.62
0,0,8,2,1,94.67
0,0,0,2,1,76.31
0,0,9,2,1,88.84
0,0,5,2,1,90.31
0,0,6,2,1,89.42
0,0,7,2,1,92.54
0,0,1,2,1,46.4
0,0,2,2,1,90.69
0,0,10,2,1,21.61
0,0,4,2,1,3.03
0,0,3,5,1,81.33
0,0,8,5,1,92.61
0,0,0,5,1,71.62
0,0,9,5,1,89.74
0,0,5,5,1,88.24
0,0,6,5,1,85.46
0,0,7,5,1,91.14
0,0,1,5,1,54.68
0,0,2,5,1,90.55
0,0,10,5,1,34.0
0,0,4,5,1,1.02
0,0,3,0,1,82.44
0,0,8,0,1,92.9
0,0,0,0,1,69.6
0,0,9,0,1,89.34
0,0,5,0,1,88.09
0,0,6,0,1,85.58
0,0,7,0,1,92.27
0,0,1,0,1,48.6
0,0,2,0,1,90.62
0,0,10,0,1,21.41
0,0,4,0,1,1.22
0,0,3,1,1,74.15
0,0,8,1,1,82.99
0,0,0,1,1,73.01
0,0,9,1,1,75.99
0,0,5,1,1,85.28
0,0,6,1,1,82.84
0,0,7,1,1,58.79
0,0,1,1,1,37.12
0,0,2,1,1,52.37
0,0,10,1,1,21.11
0,0,4,1,1,0.5
3,0,3,6,2,56.38
3,0,8,6,2,96.6
3,0,0,6,2,83.79
3,0,9,6,2,87.57
3,0,5,6,2,69.99
3,0,6,6,2,91.47
3,0,7,6,2,91.47
3,0,1,6,2,84.95
3,0,2,6,2,92.69
3,0,10,6,2,52.4
3,0,4,6,2,22.78
3,0,3,3,2,66.86
3,0,8,3,2,98.53
3,0,0,3,2,94.26
3,0,9,3,2,93.05
3,0,5,3,2,78.44
3,0,6,3,2,92.77
3,0,7,3,2,78.31
3,0,1,3,2,40.68
3,0,2,3,2,78.08
3,0,10,3,2,79.61
3,0,4,3,2,0.7
3,0,3,4,2,66.13
3,0,8,4,2,96.49
3,0,0,4,2,93.69
3,0,9,4,2,76.46
3,0,5,4,2,61.39
3,0,6,4,2,88.31
3,0,7,4,2,45.46
3,0,1,4,2,34.93
3,0,2,4,2,66.46
3,0,10,4,2,72.27
3,0,4,4,2,2.96
3,0,3,2,2,70.25
3,0,8,2,2,87.68
3,0,0,2,2,87.91
3,0,9,2,2,41.08
3,0,5,2,2,44.26
3,0,6,2,2,82.41
3,0,7,2,2,44.11
3,0,1,2,2,34.26
3,0,2,2,2,47.08
3,0,10,2,2,78.42
3,0,4,2,2,4.32
3,0,3,5,2,68.06
3,0,8,5,2,96.49
3,0,0,5,2,90.23
3,0,9,5,2,81.84
3,0,5,5,2,64.29
3,0,6,5,2,92.96
3,0,7,5,2,80.73
3,0,1,5,2,62.36
3,0,2,5,2,84.67
3,0,10,5,2,86.92
3,0,4,5,2,10.92
3,0,3,0,2,68.43
3,0,8,0,2,97.42
3,0,0,0,2,84.74
3,0,9,0,2,92.09
3,0,5,0,2,82.77
3,0,6,0,2,91.17
3,0,7,0,2,90.89
3,0,1,0,2,85.41
3,0,2,0,2,91.1
3,0,10,0,2,27.39
3,0,4,0,2,16.04
3,0,3,1,2,67.59
3,0,8,1,2,97.45
3,0,0,1,2,85.04
3,0,9,1,2,92.7
3,0,5,1,2,70.45
3,0,6,1,2,92.52
3,0,7,1,2,91.37
3,0,1,1,2,41.67
3,0,2,1,2,80.59
3,0,10,1,2,81.21
3,0,4,1,2,9.06
3,0,3,6,0,51.22
3,0,8,6,0,96.32
3,0,0,6,0,33.57
3,0,9,6,0,89.35
3,0,5,6,0,60.68
3,0,6,6,0,29.57
3,0,7,6,0,93.86
3,0,1,6,0,51.38
3,0,2,6,0,95.8
3,0,10,6,0,27.47
3,0,4,6,0,47.21
3,0,3,3,0,54.85
3,0,8,3,0,87.25
3,0,0,3,0,25.72
3,0,9,3,0,92.7
3,0,5,3,0,43.75
3,0,6,3,0,30.6
3,0,7,3,0,86.7
3,0,1,3,0,44.12
3,0,2,3,0,87.65
3,0,10,3,0,65.25
3,0,4,3,0,8.26
3,0,3,4,0,22.37
3,0,8,4,0,67.88
3,0,0,4,0,15.15
3,0,9,4,0,83.84
3,0,5,4,0,11.83
3,0,6,4,0,29.45
3,0,7,4,0,52.91
3,0,1,4,0,40.85
3,0,2,4,0,55.66
3,0,10,4,0,52.32
3,0,4,4,0,4.37
3,0,3,2,0,27.63
3,0,8,2,0,65.66
3,0,0,2,0,14.99
3,0,9,2,0,73.07
3,0,5,2,0,9.33
3,0,6,2,0,23.78
3,0,7,2,0,54.78
3,0,1,2,0,42.66
3,0,2,2,0,47.9
3,0,10,2,0,43.15
3,0,4,2,0,5.76
3,0,3,5,0,33.26
3,0,8,5,0,84.51
3,0,0,5,0,11.46
3,0,9,5,0,65.64
3,0,5,5,0,26.99
3,0,6,5,0,24.54
3,0,7,5,0,61.35
3,0,1,5,0,47.04
3,0,2,5,0,80.83
3,0,10,5,0,27.83
3,0,4,5,0,17.76
3,0,3,0,0,53.78
3,0,8,0,0,85.88
3,0,0,0,0,23.63
3,0,9,0,0,65.74
3,0,5,0,0,48.33
3,0,6,0,0,26.71
3,0,7,0,0,93.67
3,0,1,0,0,49.63
3,0,2,0,0,95.5
3,0,10,0,0,24.1
3,0,4,0,0,42.89
3,0,3,1,0,49.02
3,0,8,1,0,86.07
3,0,0,1,0,28.08
3,0,9,1,0,75.26
3,0,5,1,0,54.06
3,0,6,1,0,26.61
3,0,7,1,0,93.81
3,0,1,1,0,49.74
3,0,2,1,0,95.85
3,0,10,1,0,27.03
3,0,4,1,0,37.88
3,0,3,6,3,40.2
3,0,8,6,3,66.32
3,0,0,6,3,43.18
3,0,9,6,3,57.08
3,0,5,6,3,33.92
3,0,6,6,3,54.3
3,0,7,6,3,55.27
3,0,1,6,3,41.87
3,0,2,6,3,47.22
3,0,10,6,3,40.03
3,0,4,6,3,26.73
3,0,3,3,3,9.29
3,0,8,3,3,92.28
3,0,0,3,3,54.36
3,0,9,3,3,88.55
3,0,5,3,3,27.55
3,0,6,3,3,43.2
3,0,7,3,3,64.69
3,0,1,3,3,26.74
3,0,2,3,3,52.85
3,0,10,3,3,80.28
3,0,4,3,3,0.58
3,0,3,4,3,8.71
3,0,8,4,3,91.14
3,0,0,4,3,76.44
3,0,9,4,3,94.46
3,0,5,4,3,60.0
3,0,6,4,3,94.8
3,0,7,4,3,77.9
3,0,1,4,3,54.89
3,0,2,4,3,87.99
3,0,10,4,3,97.32
3,0,4,4,3,6.69
3,0,3,2,3,19.62
3,0,8,2,3,89.87
3,0,0,2,3,69.93
3,0,9,2,3,55.64
3,0,5,2,3,46.83
3,0,6,2,3,69.48
3,0,7,2,3,46.44
3,0,1,2,3,35.12
3,0,2,2,3,43.5
3,0,10,2,3,65.48
3,0,4,2,3,7.09
3,0,3,5,3,27.96
3,0,8,5,3,83.95
3,0,0,5,3,56.65
3,0,9,5,3,74.22
3,0,5,5,3,40.11
3,0,6,5,3,64.54
3,0,7,5,3,67.16
3,0,1,5,3,48.61
3,0,2,5,3,64.39
3,0,10,5,3,62.48
3,0,4,5,3,24.42
3,0,3,0,3,52.58
3,0,8,0,3,82.96
3,0,0,0,3,56.07
3,0,9,0,3,75.36
3,0,5,0,3,37.35
3,0,6,0,3,60.94
3,0,7,0,3,68.7
3,0,1,0,3,51.93
3,0,2,0,3,66.93
3,0,10,0,3,25.72
3,0,4,0,3,20.12
3,0,3,1,3,20.74
3,0,8,1,3,60.18
3,0,0,1,3,35.88
3,0,9,1,3,34.25
3,0,5,1,3,27.1
3,0,6,1,3,43.02
3,0,7,1,3,23.33
3,0,1,1,3,30.26
3,0,2,1,3,27.91
3,0,10,1,3,30.68
3,0,4,1,3,21.29
3,0,3,6,1,45.03
3,0,8,6,1,96.7
3,0,0,6,1,70.76
3,0,9,6,1,93.33
3,0,5,6,1,63.28
3,0,6,6,1,61.13
3,0,7,6,1,94.82
3,0,1,6,1,47.13
3,0,2,6,1,88.97
3,0,10,6,1,87.48
3,0,4,6,1,33.88
3,0,3,3,1,40.73
3,0,8,3,1,88.59
3,0,0,3,1,58.43
3,0,9,3,1,89.13
3,0,5,3,1,55.72
3,0,6,3,1,64.52
3,0,7,3,1,81.73
3,0,1,3,1,40.04
3,0,2,3,1,75.35
3,0,10,3,1,64.5
3,0,4,3,1,22.67
3,0,3,4,1,43.13
3,0,8,4,1,85.73
3,0,0,4,1,77.72
3,0,9,4,1,89.81
3,0,5,4,1,48.91
3,0,6,4,1,86.51
3,0,7,4,1,71.88
3,0,1,4,1,46.7
3,0,2,4,1,60.51
3,0,10,4,1,37.67
3,0,4,4,1,8.04
3,0,3,2,1,32.15
3,0,8,2,1,94.15
3,0,0,2,1,61.84
3,0,9,2,1,83.83
3,0,5,2,1,58.94
3,0,6,2,1,59.67
3,0,7,2,1,90.1
3,0,1,2,1,69.16
3,0,2,2,1,83.35
3,0,10,2,1,94.68
3,0,4,2,1,14.2
3,0,3,5,1,33.02
3,0,8,5,1,93.94
3,0,0,5,1,61.96
3,0,9,5,1,82.1
3,0,5,5,1,55.13
3,0,6,5,1,62.96
3,0,7,5,1,88.13
3,0,1,5,1,67.64
3,0,2,5,1,82.32
3,0,10,5,1,91.65
3,0,4,5,1,26.41
3,0,3,0,1,33.37
3,0,8,0,1,95.31
3,0,0,0,1,58.42
3,0,9,0,1,80.68
3,0,5,0,1,48.82
3,0,6,0,1,57.05
3,0,7,0,1,90.9
3,0,1,0,1,73.72
3,0,2,0,1,82.88
3,0,10,0,1,93.82
3,0,4,0,1,35.83
3,0,3,1,1,40.22
3,0,8,1,1,88.74
3,0,0,1,1,72.98
3,0,9,1,1,88.05
3,0,5,1,1,56.98
3,0,6,1,1,80.85
3,0,7,1,1,76.89
3,0,1,1,1,64.56
3,0,2,1,1,68.57
3,0,10,1,1,91.06
3,0,4,1,1,9.94
2,0,3,6,2,93.31
2,0,8,6,2,93.7
2,0,0,6,2,94.33
2,0,9,6,2,87.35
2,0,5,6,2,84.09
2,0,6,6,2,95.65
2,0,7,6,2,87.6
2,0,1,6,2,89.72
2,0,2,6,2,86.6
2,0,10,6,2,47.14
2,0,4,6,2,34.8
2,0,3,3,2,91.47
2,0,8,3,2,93.27
2,0,0,3,2,94.03
2,0,9,3,2,84.04
2,0,5,3,2,86.92
2,0,6,3,2,92.01
2,0,7,3,2,87.49
2,0,1,3,2,87.18
2,0,2,3,2,84.94
2,0,10,3,2,96.2
2,0,4,3,2,37.03
2,0,3,4,2,87.61
2,0,8,4,2,95.85
2,0,0,4,2,90.3
2,0,9,4,2,88.99
2,0,5,4,2,80.55
2,0,6,4,2,91.07
2,0,7,4,2,83.98
2,0,1,4,2,82.98
2,0,2,4,2,79.93
2,0,10,4,2,89.19
2,0,4,4,2,62.03
2,0,3,2,2,83.54
2,0,8,2,2,91.18
2,0,0,2,2,86.92
2,0,9,2,2,81.31
2,0,5,2,2,73.72
2,0,6,2,2,85.75
2,0,7,2,2,71.78
2,0,1,2,2,75.69
2,0,2,2,2,65.69
2,0,10,2,2,79.45
2,0,4,2,2,43.21
2,0,3,5,2,82.29
2,0,8,5,2,91.35
2,0,0,5,2,89.74
2,0,9,5,2,83.91
2,0,5,5,2,81.25
2,0,6,5,2,93.12
2,0,7,5,2,86.64
2,0,1,5,2,89.27
2,0,2,5,2,85.95
2,0,10,5,2,92.13
2,0,4,5,2,69.09
2,0,3,0,2,92.92
2,0,8,0,2,98.2
2,0,0,0,2,90.96
2,0,9,0,2,91.73
2,0,5,0,2,90.03
2,0,6,0,2,94.64
2,0,7,0,2,93.43
2,0,1,0,2,90.23
2,0,2,0,2,88.37
2,0,10,0,2,90.92
2,0,4,0,2,56.2
2,0,3,1,2,91.89
2,0,8,1,2,94.82
2,0,0,1,2,91.24
2,0,9,1,2,91.4
2,0,5,1,2,85.85
2,0,6,1,2,92.03
2,0,7,1,2,85.21
2,0,1,1,2,85.3
2,0,2,1,2,79.09
2,0,10,1,2,87.3
2,0,4,1,2,56.51
2,0,3,6,0,88.5
2,0,8,6,0,95.95
2,0,0,6,0,94.08
2,0,9,6,0,88.6
2,0,5,6,0,83.3
2,0,6,6,0,96.14
2,0,7,6,0,86.88
2,0,1,6,0,76.25
2,0,2,6,0,83.93
2,0,10,6,0,88.57
2,0,4,6,0,61.53
2,0,3,3,0,83.82
2,0,8,3,0,91.34
2,0,0,3,0,83.05
2,0,9,3,0,81.74
2,0,5,3,0,64.98
2,0,6,3,0,74.43
2,0,7,3,0,60.4
2,0,1,3,0,52.81
2,0,2,3,0,55.47
2,0,10,3,0,71.51
2,0,4,3,0,37.37
2,0,3,4,0,55.62
2,0,8,4,0,70.45
2,0,0,4,0,63.78
2,0,9,4,0,62.81
2,0,5,4,0,48.77
2,0,6,4,0,62.9
2,0,7,4,0,39.4
2,0,1,4,0,43.13
2,0,2,4,0,40.12
2,0,10,4,0,54.13
2,0,4,4,0,24.51
2,0,3,2,0,47.62
2,0,8,2,0,61.51
2,0,0,2,0,59.14
2,0,9,2,0,52.8
2,0,5,2,0,45.49
2,0,6,2,0,63.2
2,0,7,2,0,39.21
2,0,1,2,0,46.25
2,0,2,2,0,38.17
2,0,10,2,0,56.94
2,0,4,2,0,27.84
2,0,3,5,0,52.95
2,0,8,5,0,65.45
2,0,0,5,0,68.9
2,0,9,5,0,65.74
2,0,5,5,0,48.98
2,0,6,5,0,69.93
2,0,7,5,0,59.54
2,0,1,5,0,64.7
2,0,2,5,0,60.62
2,0,10,5,0,71.73
2,0,4,5,0,48.62
2,0,3,0,0,73.2
2,0,8,0,0,81.77
2,0,0,0,0,77.13
2,0,9,0,0,77.57
2,0,5,0,0,67.75
2,0,6,0,0,84.72
2,0,7,0,0,73.5
2,0,1,0,0,66.01
2,0,2,0,0,73.95
2,0,10,0,0,81.28
2,0,4,0,0,55.25
2,0,3,1,0,81.91
2,0,8,1,0,87.64
2,0,0,1,0,84.9
2,0,9,1,0,80.13
2,0,5,1,0,70.14
2,0,6,1,0,87.87
2,0,7,1,0,74.29
2,0,1,1,0,65.38
2,0,2,1,0,67.97
2,0,10,1,0,73.42
2,0,4,1,0,52.7
2,0,3,6,3,64.95
2,0,8,6,3,93.38
2,0,0,6,3,89.51
2,0,9,6,3,91.29
2,0,5,6,3,74.87
2,0,6,6,3,91.79
2,0,7,6,3,83.02
2,0,1,6,3,87.72
2,0,2,6,3,75.62
2,0,10,6,3,80.66
2,0,4,6,3,63.9
2,0,3,3,3,9.62
2,0,8,3,3,89.45
2,0,0,3,3,81.29
2,0,9,3,3,84.98
2,0,5,3,3,65.69
2,0,6,3,3,73.08
2,0,7,3,3,68.07
2,0,1,3,3,60.71
2,0,2,3,3,72.44
2,0,10,3,3,80.63
2,0,4,3,3,23.33
2,0,3,4,3,8.8
2,0,8,4,3,90.61
2,0,0,4,3,87.35
2,0,9,4,3,89.78
2,0,5,4,3,79.47
2,0,6,4,3,90.18
2,0,7,4,3,83.1
2,0,1,4,3,76.61
2,0,2,4,3,85.48
2,0,10,4,3,91.32
2,0,4,4,3,24.75
2,0,3,2,3,12.07
2,0,8,2,3,88.27
2,0,0,2,3,82.92
2,0,9,2,3,80.35
2,0,5,2,3,66.72
2,0,6,2,3,83.56
2,0,7,2,3,59.91
2,0,1,2,3,56.67
2,0,2,2,3,57.98
2,0,10,2,3,71.55
2,0,4,2,3,25.46
2,0,3,5,3,49.99
2,0,8,5,3,92.73
2,0,0,5,3,90.14
2,0,9,5,3,90.79
2,0,5,5,3,67.92
2,0,6,5,3,92.7
2,0,7,5,3,85.37
2,0,1,5,3,81.9
2,0,2,5,3,66.05
2,0,10,5,3,70.99
2,0,4,5,3,65.81
2,0,3,0,3,76.2
2,0,8,0,3,96.42
2,0,0,0,3,94.57
2,0,9,0,3,92.8
2,0,5,0,3,73.68
2,0,6,0,3,94.57
2,0,7,0,3,86.08
2,0,1,0,3,83.96
2,0,2,0,3,75.29
2,0,10,0,3,34.87
2,0,4,0,3,51.77
2,0,3,1,3,82.54
2,0,8,1,3,87.27
2,0,0,1,3,80.07
2,0,9,1,3,62.34
2,0,5,1,3,60.03
2,0,6,1,3,79.46
2,0,7,1,3,52.43
2,0,1,1,3,49.28
2,0,2,1,3,50.85
2,0,10,1,3,56.78
2,0,4,1,3,16.03
2,0,3,6,1,86.11
2,0,8,6,1,93.65
2,0,0,6,1,92.07
2,0,9,6,1,93.78
2,0,5,6,1,91.83
2,0,6,6,1,94.15
2,0,7,6,1,90.26
2,0,1,6,1,88.43
2,0,2,6,1,91.45
2,0,10,6,1,91.57
2,0,4,6,1,82.59
2,0,3,3,1,71.72
2,0,8,3,1,93.82
2,0,0,3,1,92.52
2,0,9,3,1,92.43
2,0,5,3,1,91.08
2,0,6,3,1,93.13
2,0,7,3,1,86.63
2,0,1,3,1,75.01
2,0,2,3,1,86.36
2,0,10,3,1,89.63
2,0,4,3,1,53.62
2,0,3,4,1,75.91
2,0,8,4,1,89.29
2,0,0,4,1,85.76
2,0,9,4,1,88.01
2,0,5,4,1,88.6
2,0,6,4,1,90.39
2,0,7,4,1,65.6
2,0,1,4,1,67.45
2,0,2,4,1,77.72
2,0,10,4,1,82.99
2,0,4,4,1,32.32
2,0,3,2,1,91.29
2,0,8,2,1,96.74
2,0,0,2,1,92.82
2,0,9,2,1,96.3
2,0,5,2,1,93.73
2,0,6,2,1,95.37
2,0,7,2,1,91.37
2,0,1,2,1,88.13
2,0,2,2,1,90.79
2,0,10,2,1,92.3
2,0,4,2,1,67.92
2,0,3,5,1,92.06
2,0,8,5,1,94.47
2,0,0,5,1,92.08
2,0,9,5,1,92.52
2,0,5,5,1,91.99
2,0,6,5,1,95.06
2,0,7,5,1,90.53
2,0,1,5,1,88.18
2,0,2,5,1,90.57
2,0,10,5,1,92.25
2,0,4,5,1,65.8
2,0,3,0,1,94.01
2,0,8,0,1,98.69
2,0,0,0,1,93.28
2,0,9,0,1,92.97
2,0,5,0,1,92.65
2,0,6,0,1,96.04
2,0,7,0,1,91.75
2,0,1,0,1,90.33
2,0,2,0,1,91.45
2,0,10,0,1,93.05
2,0,4,0,1,77.63
2,0,3,1,1,81.58
2,0,8,1,1,89.8
2,0,0,1,1,86.54
2,0,9,1,1,88.06
2,0,5,1,1,87.76
2,0,6,1,1,89.09
2,0,7,1,1,72.51
2,0,1,1,1,72.45
2,0,2,1,1,73.77
2,0,10,1,1,84.49
2,0,4,1,1,57.41
3,1,3,6,2,34.3
3,1,8,6,2,78.03
3,1,0,6,2,62.59
3,1,9,6,2,50.25
3,1,5,6,2,50.56
3,1,6,6,2,95.62
3,1,7,6,2,74.84
3,1,1,6,2,33.52
3,1,2,6,2,67.97
3,1,10,6,2,43.6
3,1,4,6,2,14.53
3,1,3,3,2,44.24
3,1,8,3,2,87.31
3,1,0,3,2,89.54
3,1,9,3,2,60.21
3,1,5,3,2,52.95
3,1,6,3,2,80.64
3,1,7,3,2,60.49
3,1,1,3,2,35.46
3,1,2,3,2,50.2
3,1,10,3,2,61.62
3,1,4,3,2,7.68
3,1,3,4,2,42.57
3,1,8,4,2,83.05
3,1,0,4,2,88.28
3,1,9,4,2,73.25
3,1,5,4,2,69.46
3,1,6,4,2,98.61
3,1,7,4,2,68.95
3,1,1,4,2,49.28
3,1,2,4,2,60.14
3,1,10,4,2,71.16
3,1,4,4,2,7.39
3,1,3,2,2,42.91
3,1,8,2,2,74.45
3,1,0,2,2,84.23
3,1,9,2,2,42.55
3,1,5,2,2,58.61
3,1,6,2,2,70.52
3,1,7,2,2,61.21
3,1,1,2,2,46.7
3,1,2,2,2,55.94
3,1,10,2,2,15.9
3,1,4,2,2,9.63
3,1,3,5,2,65.86
3,1,8,5,2,91.46
3,1,0,5,2,90.4
3,1,9,5,2,71.78
3,1,5,5,2,71.66
3,1,6,5,2,96.15
3,1,7,5,2,84.76
3,1,1,5,2,49.19
3,1,2,5,2,79.44
3,1,10,5,2,14.56
3,1,4,5,2,17.04
3,1,3,0,2,72.9
3,1,8,0,2,95.86
3,1,0,0,2,93.84
3,1,9,0,2,71.12
3,1,5,0,2,59.47
3,1,6,0,2,95.78
3,1,7,0,2,86.28
3,1,1,0,2,51.04
3,1,2,0,2,60.54
3,1,10,0,2,11.12
3,1,4,0,2,23.54
3,1,3,1,2,72.09
3,1,8,1,2,92.43
3,1,0,1,2,92.49
3,1,9,1,2,58.64
3,1,5,1,2,49.79
3,1,6,1,2,95.36
3,1,7,1,2,70.77
3,1,1,1,2,47.92
3,1,2,1,2,61.61
3,1,10,1,2,12.88
3,1,4,1,2,15.86
3,1,3,6,0,31.45
3,1,8,6,0,92.89
3,1,0,6,0,23.2
3,1,9,6,0,66.25
3,1,5,6,0,32.29
3,1,6,6,0,26.8
3,1,7,6,0,90.94
3,1,1,6,0,65.58
3,1,2,6,0,90.0
3,1,10,6,0,6.38
3,1,4,6,0,54.14
3,1,3,3,0,35.1
3,1,8,3,0,96.16
3,1,0,3,0,22.19
3,1,9,3,0,95.29
3,1,5,3,0,16.72
3,1,6,3,0,30.07
3,1,7,3,0,76.37
3,1,1,3,0,58.01
3,1,2,3,0,80.96
3,1,10,3,0,14.14
3,1,4,3,0,16.77
3,1,3,4,0,17.48
3,1,8,4,0,85.82
3,1,0,4,0,19.11
3,1,9,4,0,95.0
3,1,5,4,0,22.65
3,1,6,4,0,37.69
3,1,7,4,0,53.23
3,1,1,4,0,51.13
3,1,2,4,0,70.51
3,1,10,4,0,69.09
3,1,4,4,0,12.06
3,1,3,2,0,21.44
3,1,8,2,0,83.61
3,1,0,2,0,29.86
3,1,9,2,0,77.59
3,1,5,2,0,20.35
3,1,6,2,0,31.69
3,1,7,2,0,55.07
3,1,1,2,0,54.95
3,1,2,2,0,65.8
3,1,10,2,0,12.54
3,1,4,2,0,10.97
3,1,3,5,0,37.31
3,1,8,5,0,90.75
3,1,0,5,0,23.77
3,1,9,5,0,75.02
3,1,5,5,0,33.92
3,1,6,5,0,23.22
3,1,7,5,0,82.31
3,1,1,5,0,64.35
3,1,2,5,0,84.34
3,1,10,5,0,9.25
3,1,4,5,0,43.3
3,1,3,0,0,38.88
3,1,8,0,0,94.45
3,1,0,0,0,20.51
3,1,9,0,0,79.1
3,1,5,0,0,30.29
3,1,6,0,0,18.55
3,1,7,0,0,94.27
3,1,1,0,0,57.39
3,1,2,0,0,93.61
3,1,10,0,0,33.53
3,1,4,0,0,48.91
3,1,3,1,0,37.8
3,1,8,1,0,96.02
3,1,0,1,0,15.05
3,1,9,1,0,73.27
3,1,5,1,0,35.32
3,1,6,1,0,28.86
3,1,7,1,0,95.06
3,1,1,1,0,57.25
3,1,2,1,0,91.7
3,1,10,1,0,8.74
3,1,4,1,0,44.42
3,1,3,6,3,52.87
3,1,8,6,3,71.41
3,1,0,6,3,43.54
3,1,9,6,3,54.68
3,1,5,6,3,29.2
3,1,6,6,3,23.29
3,1,7,6,3,70.63
3,1,1,6,3,40.86
3,1,2,6,3,68.92
3,1,10,6,3,4.68
3,1,4,6,3,24.97
3,1,3,3,3,22.8
3,1,8,3,3,90.99
3,1,0,3,3,46.17
3,1,9,3,3,60.25
3,1,5,3,3,31.45
3,1,6,3,3,68.31
3,1,7,3,3,66.35
3,1,1,3,3,38.51
3,1,2,3,3,52.63
3,1,10,3,3,13.12
3,1,4,3,3,16.14
3,1,3,4,3,10.33
3,1,8,4,3,92.04
3,1,0,4,3,66.56
3,1,9,4,3,93.1
3,1,5,4,3,58.79
3,1,6,4,3,91.26
3,1,7,4,3,72.82
3,1,1,4,3,54.52
3,1,2,4,3,67.02
3,1,10,4,3,77.01
3,1,4,4,3,13.03
3,1,3,2,3,23.79
3,1,8,2,3,83.36
3,1,0,2,3,66.09
3,1,9,2,3,52.88
3,1,5,2,3,43.96
3,1,6,2,3,65.1
3,1,7,2,3,47.6
3,1,1,2,3,50.75
3,1,2,2,3,48.02
3,1,10,2,3,9.49
3,1,4,2,3,12.69
3,1,3,5,3,39.79
3,1,8,5,3,83.87
3,1,0,5,3,61.52
3,1,9,5,3,89.01
3,1,5,5,3,54.78
3,1,6,5,3,52.04
3,1,7,5,3,74.8
3,1,1,5,3,55.29
3,1,2,5,3,71.36
3,1,10,5,3,10.72
3,1,4,5,3,44.0
3,1,3,0,3,61.88
3,1,8,0,3,89.04
3,1,0,0,3,67.24
3,1,9,0,3,71.21
3,1,5,0,3,57.62
3,1,6,0,3,53.67
3,1,7,0,3,77.06
3,1,1,0,3,57.45
3,1,2,0,3,75.0
3,1,10,0,3,4.94
3,1,4,0,3,45.26
3,1,3,1,3,65.32
3,1,8,1,3,85.9
3,1,0,1,3,57.78
3,1,9,1,3,70.55
3,1,5,1,3,45.41
3,1,6,1,3,53.78
3,1,7,1,3,75.33
3,1,1,1,3,60.33
3,1,2,1,3,65.57
3,1,10,1,3,7.66
3,1,4,1,3,42.84
3,1,3,6,1,28.74
3,1,8,6,1,91.0
3,1,0,6,1,46.01
3,1,9,6,1,62.34
3,1,5,6,1,54.12
3,1,6,6,1,36.3
3,1,7,6,1,72.63
3,1,1,6,1,39.8
3,1,2,6,1,63.61
3,1,10,6,1,56.0
3,1,4,6,1,13.51
3,1,3,3,1,26.25
3,1,8,3,1,92.54
3,1,0,3,1,54.75
3,1,9,3,1,89.22
3,1,5,3,1,55.28
3,1,6,3,1,46.34
3,1,7,3,1,57.38
3,1,1,3,1,34.96
3,1,2,3,1,56.03
3,1,10,3,1,60.07
3,1,4,3,1,8.14
3,1,3,4,1,30.54
3,1,8,4,1,80.77
3,1,0,4,1,38.15
3,1,9,4,1,79.56
3,1,5,4,1,48.82
3,1,6,4,1,41.54
3,1,7,4,1,31.36
3,1,1,4,1,41.41
3,1,2,4,1,36.08
3,1,10,4,1,36.34
3,1,4,4,1,3.82
3,1,3,2,1,25.47
3,1,8,2,1,94.74
3,1,0,2,1,55.38
3,1,9,2,1,83.07
3,1,5,2,1,61.24
3,1,6,2,1,40.4
3,1,7,2,1,74.29
3,1,1,2,1,43.56
3,1,2,2,1,68.52
3,1,10,2,1,72.78
3,1,4,2,1,7.86
3,1,3,5,1,19.33
3,1,8,5,1,94.2
3,1,0,5,1,51.1
3,1,9,5,1,82.87
3,1,5,5,1,58.21
3,1,6,5,1,35.0
3,1,7,5,1,73.51
3,1,1,5,1,50.39
3,1,2,5,1,71.6
3,1,10,5,1,73.84
3,1,4,5,1,8.77
3,1,3,0,1,22.38
3,1,8,0,1,94.74
3,1,0,0,1,50.15
3,1,9,0,1,86.78
3,1,5,0,1,58.07
3,1,6,0,1,36.27
3,1,7,0,1,76.49
3,1,1,0,1,51.87
3,1,2,0,1,76.38
3,1,10,0,1,60.63
3,1,4,0,1,9.72
3,1,3,1,1,22.3
3,1,8,1,1,86.35
3,1,0,1,1,39.96
3,1,9,1,1,74.99
3,1,5,1,1,48.59
3,1,6,1,1,42.82
3,1,7,1,1,38.93
3,1,1,1,1,31.27
3,1,2,1,1,40.32
3,1,10,1,1,46.06
3,1,4,1,1,4.63
2,1,3,6,2,93.45
2,1,8,6,2,91.77
2,1,0,6,2,94.83
2,1,9,6,2,85.66
2,1,5,6,2,84.89
2,1,6,6,2,94.39
2,1,7,6,2,91.96
2,1,1,6,2,91.59
2,1,2,6,2,90.64
2,1,10,6,2,48.61
2,1,4,6,2,38.45
2,1,3,3,2,90.21
2,1,8,3,2,86.31
2,1,0,3,2,94.41
2,1,9,3,2,83.44
2,1,5,3,2,78.9
2,1,6,3,2,87.12
2,1,7,3,2,73.94
2,1,1,3,2,73.15
2,1,2,3,2,74.99
2,1,10,3,2,76.88
2,1,4,3,2,27.66
2,1,3,4,2,77.29
2,1,8,4,2,82.9
2,1,0,4,2,91.18
2,1,9,4,2,73.98
2,1,5,4,2,77.15
2,1,6,4,2,88.58
2,1,7,4,2,76.2
2,1,1,4,2,71.75
2,1,2,4,2,72.25
2,1,10,4,2,72.92
2,1,4,4,2,29.54
2,1,3,2,2,73.51
2,1,8,2,2,76.58
2,1,0,2,2,85.14
2,1,9,2,2,65.61
2,1,5,2,2,66.38
2,1,6,2,2,83.98
2,1,7,2,2,81.32
2,1,1,2,2,76.91
2,1,2,2,2,71.22
2,1,10,2,2,72.54
2,1,4,2,2,35.15
2,1,3,5,2,91.28
2,1,8,5,2,94.13
2,1,0,5,2,99.05
2,1,9,5,2,91.07
2,1,5,5,2,86.97
2,1,6,5,2,95.97
2,1,7,5,2,93.95
2,1,1,5,2,93.52
2,1,2,5,2,93.06
2,1,10,5,2,78.36
2,1,4,5,2,55.0
2,1,3,0,2,98.42
2,1,8,0,2,94.7
2,1,0,0,2,99.15
2,1,9,0,2,92.42
2,1,5,0,2,88.64
2,1,6,0,2,96.48
2,1,7,0,2,93.44
2,1,1,0,2,91.86
2,1,2,0,2,92.77
2,1,10,0,2,51.05
2,1,4,0,2,42.37
2,1,3,1,2,96.3
2,1,8,1,2,94.38
2,1,0,1,2,97.98
2,1,9,1,2,85.57
2,1,5,1,2,83.26
2,1,6,1,2,94.32
2,1,7,1,2,84.9
2,1,1,1,2,79.89
2,1,2,1,2,72.37
2,1,10,1,2,69.77
2,1,4,1,2,30.29
2,1,3,6,0,87.52
2,1,8,6,0,86.4
2,1,0,6,0,91.17
2,1,9,6,0,75.17
2,1,5,6,0,73.61
2,1,6,6,0,92.59
2,1,7,6,0,81.41
2,1,1,6,0,76.01
2,1,2,6,0,82.69
2,1,10,6,0,42.57
2,1,4,6,0,57.17
2,1,3,3,0,95.58
2,1,8,3,0,94.23
2,1,0,3,0,91.47
2,1,9,3,0,75.42
2,1,5,3,0,63.8
2,1,6,3,0,87.5
2,1,7,3,0,68.79
2,1,1,3,0,51.23
2,1,2,3,0,56.96
2,1,10,3,0,31.65
2,1,4,3,0,34.72
2,1,3,4,0,70.1
2,1,8,4,0,73.19
2,1,0,4,0,79.38
2,1,9,4,0,64.74
2,1,5,4,0,51.31
2,1,6,4,0,73.74
2,1,7,4,0,50.98
2,1,1,4,0,45.02
2,1,2,4,0,41.21
2,1,10,4,0,27.48
2,1,4,4,0,25.12
2,1,3,2,0,62.64
2,1,8,2,0,63.24
2,1,0,2,0,72.78
2,1,9,2,0,53.88
2,1,5,2,0,46.37
2,1,6,2,0,70.7
2,1,7,2,0,47.47
2,1,1,2,0,48.4
2,1,2,2,0,43.93
2,1,10,2,0,30.13
2,1,4,2,0,26.27
2,1,3,5,0,79.77
2,1,8,5,0,77.32
2,1,0,5,0,84.23
2,1,9,5,0,68.45
2,1,5,5,0,64.85
2,1,6,5,0,86.12
2,1,7,5,0,73.7
2,1,1,5,0,67.84
2,1,2,5,0,72.71
2,1,10,5,0,34.33
2,1,4,5,0,48.37
2,1,3,0,0,93.55
2,1,8,0,0,94.71
2,1,0,0,0,95.53
2,1,9,0,0,82.19
2,1,5,0,0,87.04
2,1,6,0,0,96.61
2,1,7,0,0,95.34
2,1,1,0,0,80.23
2,1,2,0,0,93.67
2,1,10,0,0,38.96
2,1,4,0,0,66.41
2,1,3,1,0,96.25
2,1,8,1,0,97.09
2,1,0,1,0,96.0
2,1,9,1,0,90.29
2,1,5,1,0,84.87
2,1,6,1,0,94.85
2,1,7,1,0,85.37
2,1,1,1,0,69.71
2,1,2,1,0,80.34
2,1,10,1,0,38.08
2,1,4,1,0,45.74
2,1,3,6,3,74.71
2,1,8,6,3,88.53
2,1,0,6,3,93.09
2,1,9,6,3,93.81
2,1,5,6,3,82.45
2,1,6,6,3,94.6
2,1,7,6,3,91.09
2,1,1,6,3,88.09
2,1,2,6,3,90.34
2,1,10,6,3,23.24
2,1,4,6,3,69.56
2,1,3,3,3,9.76
2,1,8,3,3,93.09
2,1,0,3,3,88.64
2,1,9,3,3,70.05
2,1,5,3,3,62.61
2,1,6,3,3,84.49
2,1,7,3,3,75.87
2,1,1,3,3,55.34
2,1,2,3,3,72.62
2,1,10,3,3,52.36
2,1,4,3,3,18.78
2,1,3,4,3,8.72
2,1,8,4,3,90.92
2,1,0,4,3,91.83
2,1,9,4,3,82.68
2,1,5,4,3,77.72
2,1,6,4,3,94.69
2,1,7,4,3,82.58
2,1,1,4,3,65.42
2,1,2,4,3,75.7
2,1,10,4,3,80.02
2,1,4,4,3,20.85
2,1,3,2,3,67.21
2,1,8,2,3,82.49
2,1,0,2,3,85.38
2,1,9,2,3,60.87
2,1,5,2,3,55.43
2,1,6,2,3,80.23
2,1,7,2,3,65.91
2,1,1,2,3,60.62
2,1,2,2,3,51.28
2,1,10,2,3,33.22
2,1,4,2,3,19.12
2,1,3,5,3,56.56
2,1,8,5,3,93.46
2,1,0,5,3,91.35
2,1,9,5,3,93.62
2,1,5,5,3,82.14
2,1,6,5,3,94.13
2,1,7,5,3,88.89
2,1,1,5,3,81.21
2,1,2,5,3,85.96
2,1,10,5,3,42.24
2,1,4,5,3,72.17
2,1,3,0,3,88.33
2,1,8,0,3,95.49
2,1,0,0,3,96.28
2,1,9,0,3,89.03
2,1,5,0,3,82.58
2,1,6,0,3,96.97
2,1,7,0,3,93.79
2,1,1,0,3,83.34
2,1,2,0,3,82.14
2,1,10,0,3,29.84
2,1,4,0,3,68.64
2,1,3,1,3,92.96
2,1,8,1,3,89.15
2,1,0,1,3,90.81
2,1,9,1,3,76.98
2,1,5,1,3,71.34
2,1,6,1,3,86.44
2,1,7,1,3,73.02
2,1,1,1,3,69.9
2,1,2,1,3,72.75
2,1,10,1,3,32.15
2,1,4,1,3,42.09
2,1,3,6,1,80.02
2,1,8,6,1,89.96
2,1,0,6,1,90.36
2,1,9,6,1,84.38
2,1,5,6,1,83.25
2,1,6,6,1,84.8
2,1,7,6,1,83.9
2,1,1,6,1,74.94
2,1,2,6,1,81.05
2,1,10,6,1,80.99
2,1,4,6,1,48.42
2,1,3,3,1,77.27
2,1,8,3,1,87.84
2,1,0,3,1,90.07
2,1,9,3,1,86.58
2,1,5,3,1,86.82
2,1,6,3,1,83.75
2,1,7,3,1,82.5
2,1,1,3,1,67.23
2,1,2,3,1,81.52
2,1,10,3,1,79.88
2,1,4,3,1,46.7
2,1,3,4,1,67.08
2,1,8,4,1,68.0
2,1,0,4,1,75.68
2,1,9,4,1,77.41
2,1,5,4,1,72.92
2,1,6,4,1,76.08
2,1,7,4,1,52.18
2,1,1,4,1,50.91
2,1,2,4,1,49.61
2,1,10,4,1,60.34
2,1,4,4,1,21.09
2,1,3,2,1,83.04
2,1,8,2,1,90.36
2,1,0,2,1,92.58
2,1,9,2,1,88.04
2,1,5,2,1,88.19
2,1,6,2,1,91.15
2,1,7,2,1,88.96
2,1,1,2,1,77.55
2,1,2,2,1,85.09
2,1,10,2,1,78.78
2,1,4,2,1,39.8
2,1,3,5,1,80.91
2,1,8,5,1,83.21
2,1,0,5,1,83.8
2,1,9,5,1,78.56
2,1,5,5,1,86.4
2,1,6,5,1,83.71
2,1,7,5,1,87.81
2,1,1,5,1,78.48
2,1,2,5,1,82.35
2,1,10,5,1,84.83
2,1,4,5,1,75.06
2,1,3,0,1,85.92
2,1,8,0,1,92.33
2,1,0,0,1,100.0
2,1,9,0,1,89.27
2,1,5,0,1,100.0
2,1,6,0,1,86.19
2,1,7,0,1,100.0
2,1,1,0,1,88.71
2,1,2,0,1,91.9
2,1,10,0,1,85.35
2,1,4,0,1,85.42
2,1,3,1,1,70.65
2,1,8,1,1,78.77
2,1,0,1,1,73.96
2,1,9,1,1,84.05
2,1,5,1,1,72.18
2,1,6,1,1,73.53
2,1,7,1,1,76.43
2,1,1,1,1,59.73
2,1,2,1,1,78.36
2,1,10,1,1,67.82
2,1,4,1,1,58.8
0,1,3,6,2,54.09
0,1,8,6,2,89.89
0,1,0,6,2,88.23
0,1,9,6,2,71.74
0,1,5,6,2,75.74
0,1,6,6,2,87.89
0,1,7,6,2,85.64
0,1,1,6,2,71.35
0,1,2,6,2,73.21
0,1,10,6,2,67.26
0,1,4,6,2,38.04
0,1,3,3,2,60.99
0,1,8,3,2,68.23
0,1,0,3,2,66.89
0,1,9,3,2,70.14
0,1,5,3,2,59.04
0,1,6,3,2,56.68
0,1,7,3,2,73.5
0,1,1,3,2,70.91
0,1,2,3,2,60.47
0,1,10,3,2,51.14
0,1,4,3,2,0.0
0,1,3,4,2,0.0
0,1,8,4,2,53.51
0,1,0,4,2,68.33
0,1,9,4,2,72.87
0,1,5,4,2,70.13
0,1,6,4,2,57.5
0,1,7,4,2,73.4
0,1,1,4,2,60.55
0,1,2,4,2,58.39
0,1,10,4,2,36.74
0,1,4,4,2,0.0
0,1,3,2,2,38.56
0,1,8,2,2,59.59
0,1,0,2,2,61.85
0,1,9,2,2,40.11
0,1,5,2,2,35.17
0,1,6,2,2,48.02
0,1,7,2,2,53.78
0,1,1,2,2,40.12
0,1,2,2,2,55.03
0,1,10,2,2,40.04
0,1,4,2,2,0.0
0,1,3,5,2,54.09
0,1,8,5,2,70.82
0,1,0,5,2,81.7
0,1,9,5,2,74.2
0,1,5,5,2,61.1
0,1,6,5,2,78.09
0,1,7,5,2,89.93
0,1,1,5,2,74.29
0,1,2,5,2,70.65
0,1,10,5,2,38.59
0,1,4,5,2,20.34
0,1,3,0,2,92.06
0,1,8,0,2,73.07
0,1,0,0,2,85.26
0,1,9,0,2,87.12
0,1,5,0,2,76.39
0,1,6,0,2,70.45
0,1,7,0,2,82.08
0,1,1,0,2,67.77
0,1,2,0,2,77.21
0,1,10,0,2,35.28
0,1,4,0,2,0.0
0,1,3,1,2,91.87
0,1,8,1,2,86.04
0,1,0,1,2,81.14
0,1,9,1,2,58.71
0,1,5,1,2,53.69
0,1,6,1,2,82.92
0,1,7,1,2,74.65
0,1,1,1,2,40.37
0,1,2,1,2,60.58
0,1,10,1,2,48.24
0,1,4,1,2,8.86
0,1,3,6,0,91.58
0,1,8,6,0,78.77
0,1,0,6,0,91.57
0,1,9,6,0,72.23
0,1,5,6,0,55.9
0,1,6,6,0,95.99
0,1,7,6,0,87.24
0,1,1,6,0,61.49
0,1,2,6,0,79.27
0,1,10,6,0,13.81
0,1,4,6,0,19.77
0,1,3,3,0,94.76
0,1,8,3,0,84.05
0,1,0,3,0,83.02
0,1,9,3,0,51.05
0,1,5,3,0,57.14
0,1,6,3,0,87.79
0,1,7,3,0,58.9
0,1,1,3,0,40.24
0,1,2,3,0,46.82
0,1,10,3,0,16.9
0,1,4,3,0,8.79
0,1,3,4,0,62.75
0,1,8,4,0,67.34
0,1,0,4,0,72.45
0,1,9,4,0,35.86
0,1,5,4,0,50.31
0,1,6,4,0,77.02
0,1,7,4,0,44.12
0,1,1,4,0,38.9
0,1,2,4,0,35.27
0,1,10,4,0,15.35
0,1,4,4,0,3.89
0,1,3,2,0,63.86
0,1,8,2,0,57.83
0,1,0,2,0,69.6
0,1,9,2,0,30.49
0,1,5,2,0,35.36
0,1,6,2,0,76.6
0,1,7,2,0,43.0
0,1,1,2,0,36.78
0,1,2,2,0,41.3
0,1,10,2,0,19.51
0,1,4,2,0,10.61
0,1,3,5,0,84.63
0,1,8,5,0,66.77
0,1,0,5,0,82.33
0,1,9,5,0,51.68
0,1,5,5,0,47.09
0,1,6,5,0,87.49
0,1,7,5,0,65.49
0,1,1,5,0,45.63
0,1,2,5,0,58.58
0,1,10,5,0,23.22
0,1,4,5,0,20.59
0,1,3,0,0,95.96
0,1,8,0,0,84.07
0,1,0,0,0,89.16
0,1,9,0,0,69.93
0,1,5,0,0,48.16
0,1,6,0,0,96.19
0,1,7,0,0,84.96
0,1,1,0,0,44.69
0,1,2,0,0,62.77
0,1,10,0,0,24.77
0,1,4,0,0,15.31
0,1,3,1,0,96.75
0,1,8,1,0,89.53
0,1,0,1,0,83.51
0,1,9,1,0,73.54
0,1,5,1,0,50.25
0,1,6,1,0,94.07
0,1,7,1,0,87.02
0,1,1,1,0,49.5
0,1,2,1,0,78.0
0,1,10,1,0,13.89
0,1,4,1,0,30.63
0,1,3,6,3,76.5
0,1,8,6,3,73.78
0,1,0,6,3,79.7
0,1,9,6,3,64.78
0,1,5,6,3,24.56
0,1,6,6,3,65.95
0,1,7,6,3,66.0
0,1,1,6,3,47.04
0,1,2,6,3,34.74
0,1,10,6,3,14.08
0,1,4,6,3,6.5
0,1,3,3,3,46.47
0,1,8,3,3,69.04
0,1,0,3,3,48.07
0,1,9,3,3,51.21
0,1,5,3,3,14.81
0,1,6,3,3,49.06
0,1,7,3,3,26.04
0,1,1,3,3,21.19
0,1,2,3,3,22.13
0,1,10,3,3,13.71
0,1,4,3,3,3.26
0,1,3,4,3,36.03
0,1,8,4,3,73.12
0,1,0,4,3,46.27
0,1,9,4,3,36.75
0,1,5,4,3,24.77
0,1,6,4,3,71.45
0,1,7,4,3,46.34
0,1,1,4,3,22.25
0,1,2,4,3,21.87
0,1,10,4,3,12.0
0,1,4,4,3,3.95
0,1,3,2,3,48.73
0,1,8,2,3,61.38
0,1,0,2,3,54.47
0,1,9,2,3,20.64
0,1,5,2,3,11.81
0,1,6,2,3,54.23
0,1,7,2,3,29.16
0,1,1,2,3,22.12
0,1,2,2,3,15.46
0,1,10,2,3,14.19
0,1,4,2,3,3.02
0,1,3,5,3,48.06
0,1,8,5,3,64.78
0,1,0,5,3,66.62
0,1,9,5,3,67.83
0,1,5,5,3,30.73
0,1,6,5,3,64.75
0,1,7,5,3,63.96
0,1,1,5,3,45.04
0,1,2,5,3,43.51
0,1,10,5,3,13.43
0,1,4,5,3,14.23
0,1,3,0,3,78.71
0,1,8,0,3,75.39
0,1,0,0,3,69.89
0,1,9,0,3,64.27
0,1,5,0,3,26.26
0,1,6,0,3,82.62
0,1,7,0,3,33.94
0,1,1,0,3,82.62
0,1,2,0,3,15.32
0,1,10,0,3,13.9
0,1,4,0,3,7.16
0,1,3,1,3,80.76
0,1,8,1,3,64.9
0,1,0,1,3,75.18
0,1,9,1,3,49.02
0,1,5,1,3,6.62
0,1,6,1,3,72.32
0,1,7,1,3,42.8
0,1,1,1,3,26.88
0,1,2,1,3,12.06
0,1,10,1,3,7.25
0,1,4,1,3,9.19
0,1,3,6,1,59.59
0,1,8,6,1,79.1
0,1,0,6,1,68.54
0,1,9,6,1,61.92
0,1,5,6,1,64.08
0,1,6,6,1,64.25
0,1,7,6,1,54.09
0,1,1,6,1,25.5
0,1,2,6,1,52.82
0,1,10,6,1,9.05
0,1,4,6,1,3.78
0,1,3,3,1,31.58
0,1,8,3,1,68.46
0,1,0,3,1,56.14
0,1,9,3,1,47.07
0,1,5,3,1,64.57
0,1,6,3,1,58.33
0,1,7,3,1,35.81
0,1,1,3,1,17.87
0,1,2,3,1,29.62
0,1,10,3,1,10.28
0,1,4,3,1,2.25
0,1,3,4,1,43.27
0,1,8,4,1,46.68
0,1,0,4,1,51.25
0,1,9,4,1,24.51
0,1,5,4,1,48.51
0,1,6,4,1,42.43
0,1,7,4,1,17.87
0,1,1,4,1,0.0
0,1,2,4,1,16.19
0,1,10,4,1,12.44
0,1,4,4,1,1.48
0,1,3,2,1,42.55
0,1,8,2,1,66.78
0,1,0,2,1,63.17
0,1,9,2,1,57.3
0,1,5,2,1,60.9
0,1,6,2,1,65.29
0,1,7,2,1,50.12
0,1,1,2,1,27.79
0,1,2,2,1,43.98
0,1,10,2,1,9.77
0,1,4,2,1,1.79
0,1,3,5,1,39.63
0,1,8,5,1,71.17
0,1,0,5,1,62.59
0,1,9,5,1,59.71
0,1,5,5,1,67.68
0,1,6,5,1,69.05
0,1,7,5,1,60.62
0,1,1,5,1,27.74
0,1,2,5,1,53.64
0,1,10,5,1,11.95
0,1,4,5,1,0.53
0,1,3,0,1,44.8
0,1,8,0,1,77.92
0,1,0,0,1,63.77
0,1,9,0,1,69.81
0,1,5,0,1,71.59
0,1,6,0,1,58.86
0,1,7,0,1,51.57
0,1,1,0,1,25.89
0,1,2,0,1,58.45
0,1,10,0,1,9.51
0,1,4,0,1,1.32
0,1,3,1,1,29.1
0,1,8,1,1,53.9
0,1,0,1,1,52.82
0,1,9,1,1,23.64
0,1,5,1,1,56.7
0,1,6,1,1,58.18
0,1,7,1,1,24.98
0,1,1,1,1,14.41
0,1,2,1,1,17.11
0,1,10,1,1,10.52
0,1,4,1,1,3.82
1,1,3,6,2,1.2
1,1,8,6,2,18.94
1,1,0,6,2,4.02
1,1,9,6,2,16.47
1,1,5,6,2,2.62
1,1,6,6,2,15.97
1,1,7,6,2,41.9
1,1,1,6,2,18.02
1,1,2,6,2,56.66
1,1,10,6,2,19.41
1,1,4,6,2,1.25
1,1,3,3,2,10.73
1,1,8,3,2,14.74
1,1,0,3,2,11.22
1,1,9,3,2,12.8
1,1,5,3,2,6.61
1,1,6,3,2,12.93
1,1,7,3,2,76.92
1,1,1,3,2,14.44
1,1,2,3,2,76.61
1,1,10,3,2,22.13
1,1,4,3,2,5.82
1,1,3,4,2,9.98
1,1,8,4,2,13.89
1,1,0,4,2,7.66
1,1,9,4,2,13.92
1,1,5,4,2,7.8
1,1,6,4,2,15.16
1,1,7,4,2,72.09
1,1,1,4,2,16.64
1,1,2,4,2,77.78
1,1,10,4,2,22.92
1,1,4,4,2,0.94
1,1,3,2,2,8.73
1,1,8,2,2,14.02
1,1,0,2,2,9.68
1,1,9,2,2,12.55
1,1,5,2,2,5.79
1,1,6,2,2,15.47
1,1,7,2,2,69.42
1,1,1,2,2,15.49
1,1,2,2,2,68.05
1,1,10,2,2,21.2
1,1,4,2,2,0.96
1,1,3,5,2,10.48
1,1,8,5,2,13.89
1,1,0,5,2,8.09
1,1,9,5,2,12.11
1,1,5,5,2,6.6
1,1,6,5,2,12.64
1,1,7,5,2,74.54
1,1,1,5,2,15.95
1,1,2,5,2,81.17
1,1,10,5,2,20.79
1,1,4,5,2,0.52
1,1,3,0,2,12.39
1,1,8,0,2,14.63
1,1,0,0,2,8.7
1,1,9,0,2,12.0
1,1,5,0,2,7.08
1,1,6,0,2,14.51
1,1,7,0,2,75.5
1,1,1,0,2,14.89
1,1,2,0,2,76.56
1,1,10,0,2,21.27
1,1,4,0,2,5.71
1,1,3,1,2,9.28
1,1,8,1,2,14.61
1,1,0,1,2,10.13
1,1,9,1,2,11.6
1,1,5,1,2,5.93
1,1,6,1,2,14.44
1,1,7,1,2,72.12
1,1,1,1,2,14.31
1,1,2,1,2,67.73
1,1,10,1,2,23.71
1,1,4,1,2,5.54
1,1,3,6,0,22.09
1,1,8,6,0,16.79
1,1,0,6,0,16.94
1,1,9,6,0,31.86
1,1,5,6,0,10.92
1,1,6,6,0,49.91
1,1,7,6,0,78.41
1,1,1,6,0,19.14
1,1,2,6,0,92.16
1,1,10,6,0,28.11
1,1,4,6,0,4.69
1,1,3,3,0,51.13
1,1,8,3,0,15.63
1,1,0,3,0,30.89
1,1,9,3,0,48.75
1,1,5,3,0,7.82
1,1,6,3,0,67.8
1,1,7,3,0,50.66
1,1,1,3,0,18.16
1,1,2,3,0,56.5
1,1,10,3,0,26.1
1,1,4,3,0,3.88
1,1,3,4,0,21.19
1,1,8,4,0,15.55
1,1,0,4,0,25.81
1,1,9,4,0,43.78
1,1,5,4,0,5.56
1,1,6,4,0,48.33
1,1,7,4,0,46.59
1,1,1,4,0,19.3
1,1,2,4,0,57.55
1,1,10,4,0,26.21
1,1,4,4,0,3.28
1,1,3,2,0,30.6
1,1,8,2,0,16.41
1,1,0,2,0,23.82
1,1,9,2,0,37.16
1,1,5,2,0,6.45
1,1,6,2,0,46.65
1,1,7,2,0,53.72
1,1,1,2,0,18.31
1,1,2,2,0,68.31
1,1,10,2,0,25.51
1,1,4,2,0,3.54
1,1,3,5,0,44.63
1,1,8,5,0,17.78
1,1,0,5,0,25.22
1,1,9,5,0,46.21
1,1,5,5,0,7.62
1,1,6,5,0,33.61
1,1,7,5,0,70.67
1,1,1,5,0,22.18
1,1,2,5,0,79.94
1,1,10,5,0,28.72
1,1,4,5,0,4.56
1,1,3,0,0,52.95
1,1,8,0,0,18.29
1,1,0,0,0,15.12
1,1,9,0,0,18.51
1,1,5,0,0,9.07
1,1,6,0,0,30.62
1,1,7,0,0,77.13
1,1,1,0,0,18.22
1,1,2,0,0,92.53
1,1,10,0,0,31.85
1,1,4,0,0,3.51
1,1,3,1,0,58.57
1,1,8,1,0,18.11
1,1,0,1,0,11.47
1,1,9,1,0,15.75
1,1,5,1,0,7.3
1,1,6,1,0,33.7
1,1,7,1,0,76.22
1,1,1,1,0,17.93
1,1,2,1,0,91.76
1,1,10,1,0,24.98
1,1,4,1,0,5.14
1,1,3,6,3,25.34
1,1,8,6,3,13.32
1,1,0,6,3,11.93
1,1,9,6,3,13.92
1,1,5,6,3,7.68
1,1,6,6,3,12.29
1,1,7,6,3,72.38
1,1,1,6,3,18.45
1,1,2,6,3,86.53
1,1,10,6,3,17.0
1,1,4,6,3,5.26
1,1,3,3,3,11.13
1,1,8,3,3,17.02
1,1,0,3,3,8.53
1,1,9,3,3,32.5
1,1,5,3,3,6.25
1,1,6,3,3,21.79
1,1,7,3,3,46.5
1,1,1,3,3,15.45
1,1,2,3,3,52.93
1,1,10,3,3,24.46
1,1,4,3,3,0.58
1,1,3,4,3,4.3
1,1,8,4,3,16.32
1,1,0,4,3,9.25
1,1,9,4,3,31.18
1,1,5,4,3,5.96
1,1,6,4,3,21.02
1,1,7,4,3,56.86
1,1,1,4,3,16.63
1,1,2,4,3,47.98
1,1,10,4,3,24.08
1,1,4,4,3,0.56
1,1,3,2,3,12.78
1,1,8,2,3,15.29
1,1,0,2,3,9.32
1,1,9,2,3,26.25
1,1,5,2,3,7.24
1,1,6,2,3,20.58
1,1,7,2,3,40.43
1,1,1,2,3,15.78
1,1,2,2,3,40.46
1,1,10,2,3,24.71
1,1,4,2,3,0.6
1,1,3,5,3,0.0
1,1,8,5,3,16.19
1,1,0,5,3,10.77
1,1,9,5,3,14.09
1,1,5,5,3,7.58
1,1,6,5,3,18.47
1,1,7,5,3,13.53
1,1,1,5,3,18.05
1,1,2,5,3,10.45
1,1,10,5,3,21.85
1,1,4,5,3,7.37
1,1,3,0,3,9.54
1,1,8,0,3,14.96
1,1,0,0,3,10.98
1,1,9,0,3,13.1
1,1,5,0,3,8.04
1,1,6,0,3,17.26
1,1,7,0,3,12.4
1,1,1,0,3,17.26
1,1,2,0,3,11.13
1,1,10,0,3,21.36
1,1,4,0,3,6.48
1,1,3,1,3,5.84
1,1,8,1,3,15.7
1,1,0,1,3,9.8
1,1,9,1,3,13.13
1,1,5,1,3,8.19
1,1,6,1,3,16.12
1,1,7,1,3,10.75
1,1,1,1,3,17.39
1,1,2,1,3,9.9
1,1,10,1,3,22.81
1,1,4,1,3,7.88
1,1,3,6,1,20.19
1,1,8,6,1,12.85
1,1,0,6,1,8.82
1,1,9,6,1,21.07
1,1,5,6,1,7.45
1,1,6,6,1,42.98
1,1,7,6,1,63.06
1,1,1,6,1,13.94
1,1,2,6,1,58.97
1,1,10,6,1,15.37
1,1,4,6,1,1.14
1,1,3,3,1,21.2
1,1,8,3,1,11.91
1,1,0,3,1,12.2
1,1,9,3,1,30.49
1,1,5,3,1,7.67
1,1,6,3,1,16.27
1,1,7,3,1,35.94
1,1,1,3,1,13.16
1,1,2,3,1,34.16
1,1,10,3,1,15.43
1,1,4,3,1,5.38
1,1,3,4,1,23.39
1,1,8,4,1,11.68
1,1,0,4,1,9.8
1,1,9,4,1,18.07
1,1,5,4,1,8.15
1,1,6,4,1,21.77
1,1,7,4,1,14.38
1,1,1,4,1,16.91
1,1,2,4,1,16.18
1,1,10,4,1,12.69
1,1,4,4,1,3.86
1,1,3,2,1,15.69
1,1,8,2,1,12.04
1,1,0,2,1,10.09
1,1,9,2,1,19.35
1,1,5,2,1,5.87
1,1,6,2,1,15.42
1,1,7,2,1,60.45
1,1,1,2,1,14.44
1,1,2,2,1,51.75
1,1,10,2,1,16.13
1,1,4,2,1,7.56
1,1,3,5,1,15.32
1,1,8,5,1,11.81
1,1,0,5,1,11.2
1,1,9,5,1,21.42
1,1,5,5,1,6.28
1,1,6,5,1,13.29
1,1,7,5,1,60.4
1,1,1,5,1,14.57
1,1,2,5,1,60.85
1,1,10,5,1,17.18
1,1,4,5,1,6.86
1,1,3,0,1,17.43
1,1,8,0,1,9.21
1,1,0,0,1,12.79
1,1,9,0,1,23.45
1,1,5,0,1,8.07
1,1,6,0,1,21.18
1,1,7,0,1,60.02
1,1,1,0,1,16.56
1,1,2,0,1,65.54
1,1,10,0,1,17.74
1,1,4,0,1,8.53
1,1,3,1,1,15.05
1,1,8,1,1,11.91
1,1,0,1,1,10.87
1,1,9,1,1,22.2
1,1,5,1,1,6.7
1,1,6,1,1,23.44
1,1,7,1,1,18.87
1,1,1,1,1,13.14
1,1,2,1,1,16.23
1,1,10,1,1,14.73
1,1,4,1,1,5.75
3,2,3,6,2,17.9
3,2,8,6,2,16.76
3,2,0,6,2,15.53
3,2,9,6,2,15.45
3,2,5,6,2,16.58
3,2,6,6,2,17.09
3,2,7,6,2,15.62
3,2,1,6,2,18.56
3,2,2,6,2,16.83
3,2,10,6,2,19.36
3,2,4,6,2,15.82
3,2,3,5,2,13.59
3,2,8,5,2,13.24
3,2,0,5,2,12.03
3,2,9,5,2,12.97
3,2,5,5,2,12.55
3,2,6,5,2,14.22
3,2,7,5,2,8.83
3,2,1,5,2,11.38
3,2,2,5,2,10.59
3,2,10,5,2,16.69
3,2,4,5,2,10.42
3,2,3,0,2,9.7
3,2,8,0,2,16.66
3,2,0,0,2,13.76
3,2,9,0,2,9.29
3,2,5,0,2,10.11
3,2,6,0,2,10.18
3,2,7,0,2,9.43
3,2,1,0,2,14.21
3,2,2,0,2,12.72
3,2,10,0,2,14.01
3,2,4,0,2,11.28
3,2,3,3,2,11.55
3,2,8,3,2,15.61
3,2,0,3,2,13.45
3,2,9,3,2,11.63
3,2,5,3,2,11.83
3,2,6,3,2,15.68
3,2,7,3,2,10.54
3,2,1,3,2,14.13
3,2,2,3,2,12.75
3,2,10,3,2,15.54
3,2,4,3,2,12.25
3,2,3,1,2,12.96
3,2,8,1,2,16.54
3,2,0,1,2,12.97
3,2,9,1,2,10.41
3,2,5,1,2,13.93
3,2,6,1,2,12.92
3,2,7,1,2,9.89
3,2,1,1,2,11.94
3,2,2,1,2,12.12
3,2,10,1,2,18.5
3,2,4,1,2,13.21
3,2,3,4,2,10.08
3,2,8,4,2,15.56
3,2,0,4,2,13.25
3,2,9,4,2,10.22
3,2,5,4,2,13.25
3,2,6,4,2,14.27
3,2,7,4,2,11.93
3,2,1,4,2,13.02
3,2,2,4,2,12.19
3,2,10,4,2,16.03
3,2,4,4,2,12.88
3,2,3,2,2,11.12
3,2,8,2,2,15.95
3,2,0,2,2,13.51
3,2,9,2,2,11.89
3,2,5,2,2,13.55
3,2,6,2,2,13.55
3,2,7,2,2,12.05
3,2,1,2,2,12.45
3,2,2,2,2,13.52
3,2,10,2,2,17.66
3,2,4,2,2,11.14
3,2,3,6,0,21.09
3,2,8,6,0,70.55
3,2,0,6,0,20.06
3,2,9,6,0,40.01
3,2,5,6,0,20.03
3,2,6,6,0,23.24
3,2,7,6,0,22.4
3,2,1,6,0,32.84
3,2,2,6,0,30.09
3,2,10,6,0,29.4
3,2,4,6,0,17.24
3,2,3,5,0,14.49
3,2,8,5,0,71.09
3,2,0,5,0,12.55
3,2,9,5,0,41.57
3,2,5,5,0,17.54
3,2,6,5,0,17.46
3,2,7,5,0,16.6
3,2,1,5,0,26.29
3,2,2,5,0,18.41
3,2,10,5,0,25.92
3,2,4,5,0,12.73
3,2,3,0,0,13.03
3,2,8,0,0,60.47
3,2,0,0,0,12.2
3,2,9,0,0,23.17
3,2,5,0,0,14.55
3,2,6,0,0,13.75
3,2,7,0,0,13.96
3,2,1,0,0,24.36
3,2,2,0,0,15.29
3,2,10,0,0,16.45
3,2,4,0,0,12.23
3,2,3,3,0,16.45
3,2,8,3,0,53.54
3,2,0,3,0,15.59
3,2,9,3,0,44.32
3,2,5,3,0,15.21
3,2,6,3,0,24.96
3,2,7,3,0,15.41
3,2,1,3,0,26.8
3,2,2,3,0,19.47
3,2,10,3,0,75.7
3,2,4,3,0,13.92
3,2,3,1,0,16.0
3,2,8,1,0,44.25
3,2,0,1,0,19.09
3,2,9,1,0,61.14
3,2,5,1,0,16.17
3,2,6,1,0,23.74
3,2,7,1,0,23.28
3,2,1,1,0,32.72
3,2,2,1,0,21.02
3,2,10,1,0,62.86
3,2,4,1,0,14.94
3,2,3,4,0,17.39
3,2,8,4,0,43.13
3,2,0,4,0,19.07
3,2,9,4,0,84.64
3,2,5,4,0,18.36
3,2,6,4,0,29.12
3,2,7,4,0,18.27
3,2,1,4,0,35.74
3,2,2,4,0,35.39
3,2,10,4,0,62.71
3,2,4,4,0,13.45
3,2,3,2,0,20.98
3,2,8,2,0,42.26
3,2,0,2,0,18.06
3,2,9,2,0,71.96
3,2,5,2,0,16.85
3,2,6,2,0,30.48
3,2,7,2,0,24.7
3,2,1,2,0,32.03
3,2,2,2,0,32.07
3,2,10,2,0,74.65
3,2,4,2,0,13.27
3,2,3,6,3,18.78
3,2,8,6,3,19.48
3,2,0,6,3,17.79
3,2,9,6,3,19.5
3,2,5,6,3,17.96
3,2,6,6,3,18.41
3,2,7,6,3,17.82
3,2,1,6,3,23.73
3,2,2,6,3,20.84
3,2,10,6,3,19.94
3,2,4,6,3,17.26
3,2,3,5,3,18.27
3,2,8,5,3,11.77
3,2,0,5,3,11.43
3,2,9,5,3,14.02
3,2,5,5,3,11.74
3,2,6,5,3,12.2
3,2,7,5,3,11.94
3,2,1,5,3,13.78
3,2,2,5,3,23.37
3,2,10,5,3,17.0
3,2,4,5,3,12.8
3,2,3,0,3,12.38
3,2,8,0,3,13.1
3,2,0,0,3,10.49
3,2,9,0,3,11.45
3,2,5,0,3,11.47
3,2,6,0,3,15.88
3,2,7,0,3,11.18
3,2,1,0,3,25.71
3,2,2,0,3,11.72
3,2,10,0,3,16.75
3,2,4,0,3,12.91
3,2,3,3,3,11.78
3,2,8,3,3,14.49
3,2,0,3,3,11.21
3,2,9,3,3,20.77
3,2,5,3,3,12.2
3,2,6,3,3,13.04
3,2,7,3,3,11.9
3,2,1,3,3,15.23
3,2,2,3,3,14.73
3,2,10,3,3,18.02
3,2,4,3,3,13.23
3,2,3,1,3,28.73
3,2,8,1,3,31.17
3,2,0,1,3,11.48
3,2,9,1,3,29.54
3,2,5,1,3,13.88
3,2,6,1,3,30.18
3,2,7,1,3,12.93
3,2,1,1,3,16.48
3,2,2,1,3,16.19
3,2,10,1,3,20.16
3,2,4,1,3,13.42
3,2,3,4,3,11.67
3,2,8,4,3,32.48
3,2,0,4,3,10.88
3,2,9,4,3,13.65
3,2,5,4,3,12.8
3,2,6,4,3,14.05
3,2,7,4,3,12.53
3,2,1,4,3,34.92
3,2,2,4,3,33.09
3,2,10,4,3,17.28
3,2,4,4,3,12.86
3,2,3,2,3,11.86
3,2,8,2,3,13.7
3,2,0,2,3,11.93
3,2,9,2,3,11.79
3,2,5,2,3,25.41
3,2,6,2,3,33.14
3,2,7,2,3,12.96
3,2,1,2,3,16.49
3,2,2,2,3,35.78
3,2,10,2,3,43.66
3,2,4,2,3,13.52
3,2,3,6,1,23.77
3,2,8,6,1,72.56
3,2,0,6,1,39.11
3,2,9,6,1,61.53
3,2,5,6,1,35.64
3,2,6,6,1,35.27
3,2,7,6,1,47.03
3,2,1,6,1,39.17
3,2,2,6,1,51.17
3,2,10,6,1,60.68
3,2,4,6,1,18.96
3,2,3,5,1,20.76
3,2,8,5,1,73.52
3,2,0,5,1,30.22
3,2,9,5,1,49.15
3,2,5,5,1,37.72
3,2,6,5,1,36.05
3,2,7,5,1,45.38
3,2,1,5,1,34.61
3,2,2,5,1,47.38
3,2,10,5,1,61.34
3,2,4,5,1,20.34
3,2,3,0,1,20.85
3,2,8,0,1,74.41
3,2,0,0,1,25.49
3,2,9,0,1,47.92
3,2,5,0,1,31.78
3,2,6,0,1,29.21
3,2,7,0,1,50.69
3,2,1,0,1,32.73
3,2,2,0,1,43.22
3,2,10,0,1,59.06
3,2,4,0,1,21.75
3,2,3,3,1,21.32
3,2,8,3,1,83.66
3,2,0,3,1,36.82
3,2,9,3,1,63.05
3,2,5,3,1,37.05
3,2,6,3,1,40.78
3,2,7,3,1,53.28
3,2,1,3,1,15.86
3,2,2,3,1,46.27
3,2,10,3,1,50.42
3,2,4,3,1,21.57
3,2,3,1,1,18.29
3,2,8,1,1,71.31
3,2,0,1,1,31.01
3,2,9,1,1,69.26
3,2,5,1,1,37.59
3,2,6,1,1,37.91
3,2,7,1,1,23.2
3,2,1,1,1,16.21
3,2,2,1,1,30.62
3,2,10,1,1,35.99
3,2,4,1,1,13.43
3,2,3,4,1,23.65
3,2,8,4,1,62.95
3,2,0,4,1,45.32
3,2,9,4,1,83.06
3,2,5,4,1,38.42
3,2,6,4,1,43.3
3,2,7,4,1,27.79
3,2,1,4,1,18.12
3,2,2,4,1,48.35
3,2,10,4,1,37.25
3,2,4,4,1,15.09
3,2,3,2,1,20.59
3,2,8,2,1,84.54
3,2,0,2,1,31.28
3,2,9,2,1,64.63
3,2,5,2,1,44.63
3,2,6,2,1,31.51
3,2,7,2,1,52.78
3,2,1,2,1,18.75
3,2,2,2,1,42.62
3,2,10,2,1,66.55
3,2,4,2,1,18.22
2,2,3,6,2,17.82
2,2,8,6,2,19.46
2,2,0,6,2,20.67
2,2,9,6,2,19.64
2,2,5,6,2,29.53
2,2,6,6,2,19.42
2,2,7,6,2,19.15
2,2,1,6,2,25.27
2,2,2,6,2,20.14
2,2,10,6,2,20.68
2,2,4,6,2,19.96
2,2,3,5,2,18.86
2,2,8,5,2,16.12
2,2,0,5,2,16.64
2,2,9,5,2,16.07
2,2,5,5,2,17.97
2,2,6,5,2,17.61
2,2,7,5,2,17.31
2,2,1,5,2,18.42
2,2,2,5,2,16.92
2,2,10,5,2,23.26
2,2,4,5,2,19.22
2,2,3,0,2,16.72
2,2,8,0,2,18.91
2,2,0,0,2,16.35
2,2,9,0,2,15.9
2,2,5,0,2,36.68
2,2,6,0,2,24.07
2,2,7,0,2,16.43
2,2,1,0,2,22.38
2,2,2,0,2,4.66
2,2,10,0,2,20.82
2,2,4,0,2,16.06
2,2,3,3,2,15.83
2,2,8,3,2,15.34
2,2,0,3,2,15.09
2,2,9,3,2,15.73
2,2,5,3,2,13.61
2,2,6,3,2,15.62
2,2,7,3,2,15.39
2,2,1,3,2,19.06
2,2,2,3,2,14.07
2,2,10,3,2,19.52
2,2,4,3,2,12.23
2,2,3,1,2,16.0
2,2,8,1,2,16.23
2,2,0,1,2,12.4
2,2,9,1,2,14.32
2,2,5,1,2,15.59
2,2,6,1,2,16.37
2,2,7,1,2,13.25
2,2,1,1,2,16.0
2,2,2,1,2,15.8
2,2,10,1,2,20.3
2,2,4,1,2,12.48
2,2,3,4,2,17.17
2,2,8,4,2,19.75
2,2,0,4,2,12.94
2,2,9,4,2,14.18
2,2,5,4,2,15.69
2,2,6,4,2,22.51
2,2,7,4,2,15.14
2,2,1,4,2,15.44
2,2,2,4,2,14.17
2,2,10,4,2,22.45
2,2,4,4,2,16.66
2,2,3,2,2,14.14
2,2,8,2,2,15.19
2,2,0,2,2,16.49
2,2,9,2,2,16.02
2,2,5,2,2,15.25
2,2,6,2,2,13.53
2,2,7,2,2,14.34
2,2,1,2,2,16.43
2,2,2,2,2,15.27
2,2,10,2,2,19.2
2,2,4,2,2,15.2
2,2,3,6,0,27.16
2,2,8,6,0,47.7
2,2,0,6,0,43.3
2,2,9,6,0,44.4
2,2,5,6,0,34.11
2,2,6,6,0,46.43
2,2,7,6,0,27.58
2,2,1,6,0,33.31
2,2,2,6,0,23.65
2,2,10,6,0,30.58
2,2,4,6,0,26.06
2,2,3,5,0,21.26
2,2,8,5,0,42.44
2,2,0,5,0,30.95
2,2,9,5,0,27.31
2,2,5,5,0,34.82
2,2,6,5,0,56.37
2,2,7,5,0,27.03
2,2,1,5,0,31.18
2,2,2,5,0,23.4
2,2,10,5,0,35.49
2,2,4,5,0,17.31
2,2,3,0,0,22.12
2,2,8,0,0,34.49
2,2,0,0,0,36.44
2,2,9,0,0,32.77
2,2,5,0,0,35.01
2,2,6,0,0,41.14
2,2,7,0,0,23.89
2,2,1,0,0,32.22
2,2,2,0,0,23.11
2,2,10,0,0,25.78
2,2,4,0,0,16.57
2,2,3,3,0,26.44
2,2,8,3,0,42.52
2,2,0,3,0,27.31
2,2,9,3,0,23.96
2,2,5,3,0,37.34
2,2,6,3,0,49.39
2,2,7,3,0,22.85
2,2,1,3,0,29.91
2,2,2,3,0,24.26
2,2,10,3,0,31.15
2,2,4,3,0,16.49
2,2,3,1,0,26.61
2,2,8,1,0,47.17
2,2,0,1,0,41.97
2,2,9,1,0,30.56
2,2,5,1,0,37.91
2,2,6,1,0,60.3
2,2,7,1,0,30.31
2,2,1,1,0,35.31
2,2,2,1,0,29.03
2,2,10,1,0,34.84
2,2,4,1,0,20.98
2,2,3,4,0,29.1
2,2,8,4,0,53.77
2,2,0,4,0,42.75
2,2,9,4,0,38.71
2,2,5,4,0,35.42
2,2,6,4,0,60.07
2,2,7,4,0,32.04
2,2,1,4,0,41.06
2,2,2,4,0,28.83
2,2,10,4,0,39.87
2,2,4,4,0,23.33
2,2,3,2,0,23.75
2,2,8,2,0,55.89
2,2,0,2,0,44.98
2,2,9,2,0,43.32
2,2,5,2,0,40.65
2,2,6,2,0,58.2
2,2,7,2,0,30.76
2,2,1,2,0,37.84
2,2,2,2,0,31.51
2,2,10,2,0,38.71
2,2,4,2,0,22.2
2,2,3,6,3,16.21
2,2,8,6,3,20.23
2,2,0,6,3,19.9
2,2,9,6,3,16.86
2,2,5,6,3,19.22
2,2,6,6,3,18.83
2,2,7,6,3,18.66
2,2,1,6,3,27.32
2,2,2,6,3,19.78
2,2,10,6,3,29.42
2,2,4,6,3,17.91
2,2,3,5,3,19.09
2,2,8,5,3,16.59
2,2,0,5,3,13.82
2,2,9,5,3,16.67
2,2,5,5,3,20.61
2,2,6,5,3,15.85
2,2,7,5,3,14.7
2,2,1,5,3,22.4
2,2,2,5,3,16.51
2,2,10,5,3,19.72
2,2,4,5,3,17.54
2,2,3,0,3,18.87
2,2,8,0,3,15.17
2,2,0,0,3,12.52
2,2,9,0,3,14.04
2,2,5,0,3,14.41
2,2,6,0,3,14.16
2,2,7,0,3,8.89
2,2,1,0,3,15.64
2,2,2,0,3,5.87
2,2,10,0,3,18.03
2,2,4,0,3,11.82
2,2,3,3,3,14.85
2,2,8,3,3,15.24
2,2,0,3,3,13.75
2,2,9,3,3,13.5
2,2,5,3,3,15.93
2,2,6,3,3,14.94
2,2,7,3,3,13.89
2,2,1,3,3,15.49
2,2,2,3,3,15.15
2,2,10,3,3,19.36
2,2,4,3,3,14.81
2,2,3,1,3,15.33
2,2,8,1,3,15.57
2,2,0,1,3,14.34
2,2,9,1,3,16.56
2,2,5,1,3,14.67
2,2,6,1,3,13.1
2,2,7,1,3,14.39
2,2,1,1,3,16.3
2,2,2,1,3,15.63
2,2,10,1,3,17.46
2,2,4,1,3,15.43
2,2,3,4,3,13.46
2,2,8,4,3,15.1
2,2,0,4,3,13.14
2,2,9,4,3,14.73
2,2,5,4,3,14.45
2,2,6,4,3,19.58
2,2,7,4,3,13.61
2,2,1,4,3,27.95
2,2,2,4,3,15.96
2,2,10,4,3,19.51
2,2,4,4,3,16.33
2,2,3,2,3,31.57
2,2,8,2,3,19.08
2,2,0,2,3,26.77
2,2,9,2,3,13.69
2,2,5,2,3,14.13
2,2,6,2,3,14.55
2,2,7,2,3,31.35
2,2,1,2,3,34.37
2,2,2,2,3,15.82
2,2,10,2,3,39.42
2,2,4,2,3,14.27
2,2,3,6,1,48.3
2,2,8,6,1,75.18
2,2,0,6,1,63.04
2,2,9,6,1,75.06
2,2,5,6,1,72.15
2,2,6,6,1,70.31
2,2,7,6,1,62.57
2,2,1,6,1,53.28
2,2,2,6,1,61.95
2,2,10,6,1,70.0
2,2,4,6,1,48.05
2,2,3,5,1,42.64
2,2,8,5,1,69.39
2,2,0,5,1,60.07
2,2,9,5,1,68.64
2,2,5,5,1,69.92
2,2,6,5,1,64.04
2,2,7,5,1,51.08
2,2,1,5,1,57.35
2,2,2,5,1,57.92
2,2,10,5,1,63.88
2,2,4,5,1,49.94
2,2,3,0,1,44.23
2,2,8,0,1,78.31
2,2,0,0,1,61.48
2,2,9,0,1,73.72
2,2,5,0,1,73.24
2,2,6,0,1,63.42
2,2,7,0,1,69.82
2,2,1,0,1,54.22
2,2,2,0,1,64.55
2,2,10,0,1,76.73
2,2,4,0,1,62.38
2,2,3,3,1,53.09
2,2,8,3,1,81.48
2,2,0,3,1,70.14
2,2,9,3,1,69.95
2,2,5,3,1,80.65
2,2,6,3,1,82.23
2,2,7,3,1,66.4
2,2,1,3,1,57.51
2,2,2,3,1,61.03
2,2,10,3,1,76.0
2,2,4,3,1,51.91
2,2,3,1,1,46.61
2,2,8,1,1,80.09
2,2,0,1,1,74.74
2,2,9,1,1,73.91
2,2,5,1,1,79.4
2,2,6,1,1,81.25
2,2,7,1,1,58.75
2,2,1,1,1,50.93
2,2,2,1,1,44.35
2,2,10,1,1,68.05
2,2,4,1,1,34.85
2,2,3,4,1,53.82
2,2,8,4,1,82.9
2,2,0,4,1,78.92
2,2,9,4,1,66.13
2,2,5,4,1,84.77
2,2,6,4,1,74.96
2,2,7,4,1,59.47
2,2,1,4,1,60.65
2,2,2,4,1,50.87
2,2,10,4,1,68.62
2,2,4,4,1,39.22
2,2,3,2,1,49.74
2,2,8,2,1,78.9
2,2,0,2,1,70.77
2,2,9,2,1,78.59
2,2,5,2,1,71.82
2,2,6,2,1,76.98
2,2,7,2,1,68.51
2,2,1,2,1,66.43
2,2,2,2,1,67.02
2,2,10,2,1,71.12
2,2,4,2,1,40.88
0,2,3,6,2,15.81
0,2,8,6,2,18.18
0,2,0,6,2,17.45
0,2,9,6,2,17.86
0,2,5,6,2,17.29
0,2,6,6,2,18.96
0,2,7,6,2,17.79
0,2,1,6,2,17.81
0,2,2,6,2,21.26
0,2,10,6,2,21.0
0,2,4,6,2,19.12
0,2,3,5,2,12.17
0,2,8,5,2,17.75
0,2,0,5,2,13.16
0,2,9,5,2,10.99
0,2,5,5,2,12.41
0,2,6,5,2,14.15
0,2,7,5,2,12.9
0,2,1,5,2,19.91
0,2,2,5,2,12.01
0,2,10,5,2,20.9
0,2,4,5,2,12.35
0,2,3,0,2,14.14
0,2,8,0,2,22.09
0,2,0,0,2,11.54
0,2,9,0,2,10.1
0,2,5,0,2,10.87
0,2,6,0,2,11.88
0,2,7,0,2,13.93
0,2,1,0,2,16.78
0,2,2,0,2,12.89
0,2,10,0,2,22.71
0,2,4,0,2,12.97
0,2,3,3,2,10.18
0,2,8,3,2,14.48
0,2,0,3,2,23.12
0,2,9,3,2,30.88
0,2,5,3,2,15.05
0,2,6,3,2,15.78
0,2,7,3,2,13.79
0,2,1,3,2,13.46
0,2,2,3,2,12.72
0,2,10,3,2,20.73
0,2,4,3,2,12.51
0,2,3,1,2,11.97
0,2,8,1,2,15.43
0,2,0,1,2,14.47
0,2,9,1,2,13.34
0,2,5,1,2,13.04
0,2,6,1,2,14.29
0,2,7,1,2,12.48
0,2,1,1,2,16.04
0,2,2,1,2,12.47
0,2,10,1,2,21.04
0,2,4,1,2,12.71
0,2,3,4,2,15.09
0,2,8,4,2,16.43
0,2,0,4,2,12.89
0,2,9,4,2,11.29
0,2,5,4,2,13.82
0,2,6,4,2,14.88
0,2,7,4,2,12.2
0,2,1,4,2,14.09
0,2,2,4,2,13.04
0,2,10,4,2,21.27
0,2,4,4,2,12.83
0,2,3,2,2,12.86
0,2,8,2,2,17.77
0,2,0,2,2,17.88
0,2,9,2,2,12.99
0,2,5,2,2,13.53
0,2,6,2,2,13.83
0,2,7,2,2,12.68
0,2,1,2,2,15.9
0,2,2,2,2,12.83
0,2,10,2,2,21.45
0,2,4,2,2,12.55
0,2,3,6,0,17.7
0,2,8,6,0,32.1
0,2,0,6,0,17.87
0,2,9,6,0,18.72
0,2,5,6,0,16.32
0,2,6,6,0,17.77
0,2,7,6,0,16.49
0,2,1,6,0,23.34
0,2,2,6,0,16.07
0,2,10,6,0,20.49
0,2,4,6,0,17.98
0,2,3,5,0,28.53
0,2,8,5,0,37.86
0,2,0,5,0,24.69
0,2,9,5,0,16.02
0,2,5,5,0,17.53
0,2,6,5,0,19.02
0,2,7,5,0,15.36
0,2,1,5,0,25.46
0,2,2,5,0,16.52
0,2,10,5,0,21.25
0,2,4,5,0,15.76
0,2,3,0,0,18.4
0,2,8,0,0,32.6
0,2,0,0,0,21.01
0,2,9,0,0,14.75
0,2,5,0,0,22.25
0,2,6,0,0,21.39
0,2,7,0,0,15.41
0,2,1,0,0,25.86
0,2,2,0,0,20.14
0,2,10,0,0,27.72
0,2,4,0,0,17.6
0,2,3,3,0,19.64
0,2,8,3,0,37.23
0,2,0,3,0,20.82
0,2,9,3,0,18.83
0,2,5,3,0,18.35
0,2,6,3,0,33.48
0,2,7,3,0,16.16
0,2,1,3,0,27.89
0,2,2,3,0,17.41
0,2,10,3,0,24.17
0,2,4,3,0,20.09
0,2,3,1,0,22.93
0,2,8,1,0,57.68
0,2,0,1,0,40.65
0,2,9,1,0,20.38
0,2,5,1,0,17.77
0,2,6,1,0,57.89
0,2,7,1,0,17.04
0,2,1,1,0,33.74
0,2,2,1,0,16.0
0,2,10,1,0,28.41
0,2,4,1,0,18.36
0,2,3,4,0,25.2
0,2,8,4,0,47.55
0,2,0,4,0,52.13
0,2,9,4,0,24.81
0,2,5,4,0,20.9
0,2,6,4,0,57.21
0,2,7,4,0,17.2
0,2,1,4,0,39.72
0,2,2,4,0,18.91
0,2,10,4,0,26.67
0,2,4,4,0,18.81
0,2,3,2,0,28.07
0,2,8,2,0,67.49
0,2,0,2,0,50.05
0,2,9,2,0,20.77
0,2,5,2,0,20.88
0,2,6,2,0,67.61
0,2,7,2,0,17.3
0,2,1,2,0,37.78
0,2,2,2,0,16.23
0,2,10,2,0,23.67
0,2,4,2,0,17.32
0,2,3,6,3,16.9
0,2,8,6,3,18.3
0,2,0,6,3,17.09
0,2,9,6,3,18.64
0,2,5,6,3,20.27
0,2,6,6,3,22.53
0,2,7,6,3,17.32
0,2,1,6,3,21.28
0,2,2,6,3,17.09
0,2,10,6,3,23.59
0,2,4,6,3,19.35
0,2,3,5,3,13.04
0,2,8,5,3,13.51
0,2,0,5,3,12.36
0,2,9,5,3,14.06
0,2,5,5,3,14.22
0,2,6,5,3,13.74
0,2,7,5,3,14.1
0,2,1,5,3,15.53
0,2,2,5,3,14.1
0,2,10,5,3,20.88
0,2,4,5,3,15.33
0,2,3,0,3,14.48
0,2,8,0,3,17.99
0,2,0,0,3,11.6
0,2,9,0,3,12.44
0,2,5,0,3,16.27
0,2,6,0,3,12.36
0,2,7,0,3,13.53
0,2,1,0,3,16.57
0,2,2,0,3,13.5
0,2,10,0,3,19.04
0,2,4,0,3,12.84
0,2,3,3,3,13.12
0,2,8,3,3,15.23
0,2,0,3,3,11.83
0,2,9,3,3,13.09
0,2,5,3,3,13.77
0,2,6,3,3,12.14
0,2,7,3,3,12.62
0,2,1,3,3,13.68
0,2,2,3,3,14.08
0,2,10,3,3,19.8
0,2,4,3,3,13.93
0,2,3,1,3,13.21
0,2,8,1,3,15.71
0,2,0,1,3,12.61
0,2,9,1,3,12.78
0,2,5,1,3,14.74
0,2,6,1,3,13.87
0,2,7,1,3,13.37
0,2,1,1,3,15.73
0,2,2,1,3,14.58
0,2,10,1,3,23.86
0,2,4,1,3,14.07
0,2,3,4,3,12.49
0,2,8,4,3,20.36
0,2,0,4,3,13.01
0,2,9,4,3,13.94
0,2,5,4,3,14.48
0,2,6,4,3,14.14
0,2,7,4,3,13.14
0,2,1,4,3,15.53
0,2,2,4,3,13.69
0,2,10,4,3,21.55
0,2,4,4,3,14.7
0,2,3,2,3,13.15
0,2,8,2,3,16.14
0,2,0,2,3,12.26
0,2,9,2,3,14.6
0,2,5,2,3,14.35
0,2,6,2,3,15.34
0,2,7,2,3,13.64
0,2,1,2,3,14.75
0,2,2,2,3,14.78
0,2,10,2,3,21.72
0,2,4,2,3,15.09
0,2,3,6,1,38.52
0,2,8,6,1,58.94
0,2,0,6,1,46.32
0,2,9,6,1,27.29
0,2,5,6,1,51.26
0,2,6,6,1,44.78
0,2,7,6,1,47.02
0,2,1,6,1,24.72
0,2,2,6,1,41.29
0,2,10,6,1,12.89
0,2,4,6,1,23.84
0,2,3,5,1,46.83
0,2,8,5,1,68.15
0,2,0,5,1,57.98
0,2,9,5,1,31.08
0,2,5,5,1,74.84
0,2,6,5,1,66.67
0,2,7,5,1,51.04
0,2,1,5,1,44.08
0,2,2,5,1,49.83
0,2,10,5,1,35.63
0,2,4,5,1,13.96
0,2,3,0,1,39.95
0,2,8,0,1,73.12
0,2,0,0,1,6.65
0,2,9,0,1,0.0
0,2,5,0,1,63.01
0,2,6,0,1,61.84
0,2,7,0,1,59.43
0,2,1,0,1,58.57
0,2,2,0,1,58.39
0,2,10,0,1,58.49
0,2,4,0,1,59.75
0,2,3,3,1,57.66
0,2,8,3,1,40.92
0,2,0,3,1,52.74
0,2,9,3,1,35.41
0,2,5,3,1,74.05
0,2,6,3,1,57.44
0,2,7,3,1,39.32
0,2,1,3,1,26.96
0,2,2,3,1,46.03
0,2,10,3,1,26.72
0,2,4,3,1,14.24
0,2,3,1,1,40.8
0,2,8,1,1,64.11
0,2,0,1,1,57.24
0,2,9,1,1,17.87
0,2,5,1,1,71.99
0,2,6,1,1,65.69
0,2,7,1,1,21.1
0,2,1,1,1,21.13
0,2,2,1,1,24.86
0,2,10,1,1,25.49
0,2,4,1,1,13.95
0,2,3,4,1,57.08
0,2,8,4,1,64.73
0,2,0,4,1,71.17
0,2,9,4,1,28.01
0,2,5,4,1,74.34
0,2,6,4,1,56.68
0,2,7,4,1,32.23
0,2,1,4,1,39.5
0,2,2,4,1,33.45
0,2,10,4,1,23.83
0,2,4,4,1,13.61
0,2,3,2,1,45.81
0,2,8,2,1,72.19
0,2,0,2,1,52.92
0,2,9,2,1,28.32
0,2,5,2,1,68.86
0,2,6,2,1,59.44
0,2,7,2,1,54.8
0,2,1,2,1,33.6
0,2,2,2,1,42.55
0,2,10,2,1,41.31
0,2,4,2,1,13.97
1,2,3,6,2,16.17
1,2,8,6,2,18.37
1,2,0,6,2,15.92
1,2,9,6,2,20.33
1,2,5,6,2,15.52
1,2,6,6,2,16.65
1,2,7,6,2,17.6
1,2,1,6,2,17.06
1,2,2,6,2,16.82
1,2,10,6,2,24.79
1,2,4,6,2,16.87
1,2,3,5,2,19.02
1,2,8,5,2,17.07
1,2,0,5,2,19.41
1,2,9,5,2,19.05
1,2,5,5,2,18.46
1,2,6,5,2,16.05
1,2,7,5,2,17.84
1,2,1,5,2,21.01
1,2,2,5,2,16.16
1,2,10,5,2,23.85
1,2,4,5,2,18.98
1,2,3,0,2,15.77
1,2,8,0,2,15.01
1,2,0,0,2,12.55
1,2,9,0,2,14.57
1,2,5,0,2,15.0
1,2,6,0,2,13.51
1,2,7,0,2,15.85
1,2,1,0,2,19.19
1,2,2,0,2,14.19
1,2,10,0,2,22.2
1,2,4,0,2,18.66
1,2,3,3,2,13.07
1,2,8,3,2,18.44
1,2,0,3,2,15.32
1,2,9,3,2,16.18
1,2,5,3,2,16.91
1,2,6,3,2,16.03
1,2,7,3,2,16.08
1,2,1,3,2,20.21
1,2,2,3,2,17.59
1,2,10,3,2,26.16
1,2,4,3,2,19.8
1,2,3,1,2,12.92
1,2,8,1,2,14.61
1,2,0,1,2,13.97
1,2,9,1,2,12.83
1,2,5,1,2,13.53
1,2,6,1,2,14.39
1,2,7,1,2,12.68
1,2,1,1,2,17.22
1,2,2,1,2,14.31
1,2,10,1,2,23.57
1,2,4,1,2,17.77
1,2,3,4,2,14.68
1,2,8,4,2,16.79
1,2,0,4,2,15.83
1,2,9,4,2,16.64
1,2,5,4,2,14.66
1,2,6,4,2,13.85
1,2,7,4,2,14.78
1,2,1,4,2,16.17
1,2,2,4,2,15.62
1,2,10,4,2,26.97
1,2,4,4,2,15.89
1,2,3,2,2,13.75
1,2,8,2,2,16.47
1,2,0,2,2,14.35
1,2,9,2,2,19.04
1,2,5,2,2,14.5
1,2,6,2,2,14.5
1,2,7,2,2,15.64
1,2,1,2,2,18.5
1,2,2,2,2,16.17
1,2,10,2,2,24.58
1,2,4,2,2,17.72
1,2,3,6,0,13.24
1,2,8,6,0,24.25
1,2,0,6,0,18.07
1,2,9,6,0,23.95
1,2,5,6,0,17.46
1,2,6,6,0,20.28
1,2,7,6,0,17.39
1,2,1,6,0,22.2
1,2,2,6,0,15.9
1,2,10,6,0,21.61
1,2,4,6,0,20.79
1,2,3,5,0,15.37
1,2,8,5,0,20.73
1,2,0,5,0,16.14
1,2,9,5,0,21.08
1,2,5,5,0,16.32
1,2,6,5,0,21.37
1,2,7,5,0,15.13
1,2,1,5,0,21.6
1,2,2,5,0,17.4
1,2,10,5,0,24.5
1,2,4,5,0,18.83
1,2,3,0,0,14.73
1,2,8,0,0,17.57
1,2,0,0,0,15.24
1,2,9,0,0,18.65
1,2,5,0,0,18.25
1,2,6,0,0,17.99
1,2,7,0,0,15.93
1,2,1,0,0,19.71
1,2,2,0,0,15.94
1,2,10,0,0,19.79
1,2,4,0,0,15.57
1,2,3,3,0,15.38
1,2,8,3,0,21.31
1,2,0,3,0,14.96
1,2,9,3,0,20.82
1,2,5,3,0,17.07
1,2,6,3,0,18.0
1,2,7,3,0,15.82
1,2,1,3,0,23.61
1,2,2,3,0,17.56
1,2,10,3,0,23.14
1,2,4,3,0,15.79
1,2,3,1,0,13.11
1,2,8,1,0,17.1
1,2,0,1,0,15.47
1,2,9,1,0,16.8
1,2,5,1,0,15.12
1,2,6,1,0,23.62
1,2,7,1,0,15.91
1,2,1,1,0,22.13
1,2,2,1,0,18.72
1,2,10,1,0,26.72
1,2,4,1,0,16.82
1,2,3,4,0,17.88
1,2,8,4,0,24.55
1,2,0,4,0,17.41
1,2,9,4,0,22.84
1,2,5,4,0,16.99
1,2,6,4,0,27.27
1,2,7,4,0,19.81
1,2,1,4,0,25.37
1,2,2,4,0,23.55
1,2,10,4,0,29.94
1,2,4,4,0,19.63
1,2,3,2,0,18.18
1,2,8,2,0,25.49
1,2,0,2,0,20.49
1,2,9,2,0,25.25
1,2,5,2,0,20.02
1,2,6,2,0,27.52
1,2,7,2,0,23.94
1,2,1,2,0,27.57
1,2,2,2,0,23.22
1,2,10,2,0,31.01
1,2,4,2,0,20.07
1,2,3,6,3,15.72
1,2,8,6,3,22.66
1,2,0,6,3,15.3
1,2,9,6,3,18.47
1,2,5,6,3,15.05
1,2,6,6,3,17.23
1,2,7,6,3,17.26
1,2,1,6,3,22.5
1,2,2,6,3,16.94
1,2,10,6,3,20.34
1,2,4,6,3,18.05
1,2,3,5,3,15.78
1,2,8,5,3,18.87
1,2,0,5,3,16.46
1,2,9,5,3,18.4
1,2,5,5,3,14.87
1,2,6,5,3,21.69
1,2,7,5,3,15.27
1,2,1,5,3,21.87
1,2,2,5,3,17.07
1,2,10,5,3,21.19
1,2,4,5,3,18.26
1,2,3,0,3,16.44
1,2,8,0,3,18.56
1,2,0,0,3,14.0
1,2,9,0,3,20.05
1,2,5,0,3,16.21
1,2,6,0,3,16.67
1,2,7,0,3,16.39
1,2,1,0,3,21.37
1,2,2,0,3,16.01
1,2,10,0,3,20.52
1,2,4,0,3,17.96
1,2,3,3,3,16.18
1,2,8,3,3,20.35
1,2,0,3,3,14.9
1,2,9,3,3,16.96
1,2,5,3,3,15.58
1,2,6,3,3,18.97
1,2,7,3,3,17.13
1,2,1,3,3,21.13
1,2,2,3,3,17.21
1,2,10,3,3,24.63
1,2,4,3,3,21.13
1,2,3,1,3,17.97
1,2,8,1,3,18.63
1,2,0,1,3,17.25
1,2,9,1,3,15.67
1,2,5,1,3,20.33
1,2,6,1,3,23.83
1,2,7,1,3,20.55
1,2,1,1,3,23.52
1,2,2,1,3,21.74
1,2,10,1,3,34.01
1,2,4,1,3,18.23
1,2,3,4,3,16.38
1,2,8,4,3,24.48
1,2,0,4,3,15.65
1,2,9,4,3,15.08
1,2,5,4,3,17.56
1,2,6,4,3,17.63
1,2,7,4,3,20.91
1,2,1,4,3,29.84
1,2,2,4,3,20.83
1,2,10,4,3,35.23
1,2,4,4,3,18.09
1,2,3,2,3,16.59
1,2,8,2,3,18.58
1,2,0,2,3,18.45
1,2,9,2,3,19.87
1,2,5,2,3,24.19
1,2,6,2,3,20.3
1,2,7,2,3,19.59
1,2,1,2,3,21.94
1,2,2,2,3,17.96
1,2,10,2,3,24.2
1,2,4,2,3,16.5
1,2,3,6,1,24.93
1,2,8,6,1,18.72
1,2,0,6,1,18.15
1,2,9,6,1,19.91
1,2,5,6,1,18.3
1,2,6,6,1,21.39
1,2,7,6,1,49.99
1,2,1,6,1,28.07
1,2,2,6,1,48.27
1,2,10,6,1,24.68
1,2,4,6,1,21.68
1,2,3,5,1,22.1
1,2,8,5,1,21.95
1,2,0,5,1,18.31
1,2,9,5,1,18.12
1,2,5,5,1,17.6
1,2,6,5,1,22.0
1,2,7,5,1,41.19
1,2,1,5,1,22.48
1,2,2,5,1,47.01
1,2,10,5,1,24.71
1,2,4,5,1,18.76
1,2,3,0,1,21.35
1,2,8,0,1,17.63
1,2,0,0,1,15.26
1,2,9,0,1,16.98
1,2,5,0,1,15.16
1,2,6,0,1,26.24
1,2,7,0,1,41.97
1,2,1,0,1,25.0
1,2,2,0,1,59.08
1,2,10,0,1,39.34
1,2,4,0,1,17.43
1,2,3,3,1,23.23
1,2,8,3,1,21.3
1,2,0,3,1,14.78
1,2,9,3,1,19.1
1,2,5,3,1,14.98
1,2,6,3,1,7.73
1,2,7,3,1,34.85
1,2,1,3,1,22.88
1,2,2,3,1,38.14
1,2,10,3,1,22.55
1,2,4,3,1,19.04
1,2,3,1,1,18.97
1,2,8,1,1,38.79
1,2,0,1,1,16.74
1,2,9,1,1,17.02
1,2,5,1,1,18.27
1,2,6,1,1,20.16
1,2,7,1,1,21.06
1,2,1,1,1,22.21
1,2,2,1,1,23.15
1,2,10,1,1,22.27
1,2,4,1,1,17.12
1,2,3,4,1,21.12
1,2,8,4,1,22.31
1,2,0,4,1,16.35
1,2,9,4,1,19.72
1,2,5,4,1,17.77
1,2,6,4,1,26.28
1,2,7,4,1,19.93
1,2,1,4,1,20.95
1,2,2,4,1,29.03
1,2,10,4,1,26.5
1,2,4,4,1,19.44
1,2,3,2,1,19.82
1,2,8,2,1,19.28
1,2,0,2,1,18.14
1,2,9,2,1,21.39
1,2,5,2,1,17.83
1,2,6,2,1,20.89
1,2,7,2,1,48.66
1,2,1,2,1,21.38
1,2,2,2,1,43.45
1,2,10,2,1,24.64
1,2,4,2,1,18.51
