additive,aryl_halide,base,ligand,yield
22,12,2,3,10.65781182
22,11,2,3,14.7478961
22,13,2,3,18.27868619
22,7,2,3,2.475057616
22,6,2,3,6.119058475
22,8,2,3,5.449924218
22,4,2,3,7.802080337
22,3,2,3,14.23417841
22,5,2,3,15.41389344
22,9,2,3,9.46569581
22,1,2,3,15.23875818
22,14,2,3,19.59428889
22,10,2,3,7.787908452
22,2,2,3,9.677591971
22,15,2,3,13.17521743
22,12,1,3,14.01864146
22,11,1,3,30.5912617
22,13,1,3,38.15573638
22,7,1,3,0.456472494
22,6,1,3,3.867385769
22,8,1,3,7.024622197
22,4,1,3,2.84616447
22,3,1,3,18.8690087
22,5,1,3,25.0736586
22,9,1,3,21.66658644
22,1,1,3,48.48749388
22,14,1,3,58.61075678
22,10,1,3,4.169292721
22,2,1,3,11.38334579
22,15,1,3,24.41818234
22,12,3,3,14.96739578
22,11,3,3,30.28625472
22,13,3,3,39.57783871
22,7,3,3,0.339837285
22,6,3,3,3.12306153
22,8,3,3,5.140109821
22,4,3,3,3.920306162
22,3,3,3,15.39753007
22,5,3,3,22.45064906
22,9,3,3,23.68617418
22,1,3,3,42.69485888
22,14,3,3,54.83360857
22,10,3,3,6.351542297
22,2,3,3,14.16472216
22,15,3,3,17.378304
7,12,2,3,3.606676847
7,11,2,3,35.07866175
7,13,2,3,43.31814591
7,7,2,3,0.0
7,6,2,3,29.29817829
7,8,2,3,37.56535564
7,4,2,3,0.960810012
7,3,2,3,59.0196812
7,5,2,3,70.96873006
7,9,2,3,35.13952712
7,1,2,3,37.65445791
7,14,2,3,51.10248957
7,10,2,3,3.963450153
7,2,2,3,31.93031022
7,15,2,3,48.70823186
7,12,1,3,5.008760546
7,11,1,3,35.08872433
7,13,1,3,41.2456065
7,7,1,3,0.0
7,6,1,3,13.9769471
7,8,1,3,18.89524916
7,4,1,3,0.705195152
7,3,1,3,32.63234102
7,5,1,3,31.81837229
7,9,1,3,30.4254394
7,1,1,3,53.63578043
7,14,1,3,59.4767437
7,10,1,3,2.014671714
7,2,1,3,26.51352578
7,15,1,3,36.85037948
7,12,3,3,4.820162197
7,11,3,3,34.80628557
7,13,3,3,46.63249784
7,7,3,3,0.0
7,6,3,3,11.74218494
7,8,3,3,26.65189435
7,4,3,3,0.546829898
7,3,3,3,35.87055638
7,5,3,3,68.84449525
7,9,3,3,33.8754215
7,1,3,3,63.0697188
7,14,3,3,70.62989218
7,10,3,3,2.481415648
7,2,3,3,31.6780045
7,15,3,3,46.01420049
3,12,2,3,22.16644806
3,11,2,3,23.21156884
3,13,2,3,34.74876407
3,7,2,3,0.948128865
3,6,2,3,16.64966496
3,8,2,3,19.99982627
3,4,2,3,4.992379236
3,3,2,3,53.99699311
3,5,2,3,57.37548977
3,9,2,3,22.61165831
3,1,2,3,28.75149591
3,14,2,3,26.98890626
3,10,2,3,20.85782482
3,2,2,3,20.73475671
3,15,2,3,30.87112941
3,12,1,3,20.36096013
3,11,1,3,38.91690391
3,13,1,3,41.70005044
3,7,1,3,0.940121626
3,6,1,3,14.90450687
3,8,1,3,19.596159
3,4,1,3,4.179760101
3,3,1,3,39.00815943
3,5,1,3,37.1696242
3,9,1,3,31.61725517
3,1,1,3,51.21654271
3,14,1,3,57.55128922
3,10,1,3,16.17382734
3,2,1,3,26.58751317
3,15,1,3,40.41327646
3,12,3,3,16.96531636
3,11,3,3,34.37725511
3,13,3,3,43.5835106
3,7,3,3,0.828206999
3,6,3,3,13.33632103
3,8,3,3,26.96354436
3,4,3,3,4.206951598
3,3,3,3,39.80435813
3,5,3,3,66.76359549
3,9,3,3,38.14302674
3,1,3,3,56.51667394
3,14,3,3,67.97172842
3,10,3,3,13.29271578
3,2,3,3,32.5166032
3,15,3,3,47.33481015
22,12,2,1,15.4176361
22,11,2,1,18.97417112
22,13,2,1,16.81589184
22,7,2,1,2.663355036
22,6,2,1,16.04854773
22,8,2,1,21.9766332
22,4,2,1,7.641917878
22,3,2,1,28.39231834
22,5,2,1,26.6748995
22,9,2,1,29.97543001
22,1,2,1,36.30636065
22,14,2,1,36.58798902
22,10,2,1,10.54082024
22,2,2,1,26.25688388
22,15,2,1,28.58964812
22,12,1,1,16.88486051
22,11,1,1,41.29698409
22,13,1,1,43.73298112
22,7,1,1,0.655700656
22,6,1,1,33.62905648
22,8,1,1,41.48980841
22,4,1,1,2.599454304
22,3,1,1,66.02401389
22,5,1,1,72.39052533
22,9,1,1,68.84655406
22,1,1,1,82.1847816
22,14,1,1,80.58917239
22,10,1,1,15.19452071
22,2,1,1,83.87445444
22,15,1,1,86.003404
22,12,3,1,30.01215681
22,11,3,1,51.39708789
22,13,3,1,50.13634297
22,7,3,1,2.942173839
22,6,3,1,34.96324083
22,8,3,1,51.01008234
22,4,3,1,15.31942872
22,3,3,1,81.56943098
22,5,3,1,77.57371189
22,9,3,1,86.68959994
22,1,3,1,92.91423383
22,14,3,1,97.56849953
22,10,3,1,35.55504656
22,2,3,1,98.73132029
22,15,3,1,98.28722602
7,12,2,1,5.980979595
7,11,2,1,50.58289676
7,13,2,1,45.08048043
7,7,2,1,0.0
7,6,2,1,42.11946098
7,8,2,1,49.11143206
7,4,2,1,0.705225291
7,3,2,1,70.86219062
7,5,2,1,66.44951759
7,9,2,1,65.93988128
7,1,2,1,66.07082051
7,14,2,1,66.20793624
7,10,2,1,6.110691586
7,2,2,1,67.81850094
7,15,2,1,72.63064909
7,12,1,1,7.837919121
7,11,1,1,46.74711139
7,13,1,1,46.25838016
7,7,1,1,0.0
7,6,1,1,37.03037628
7,8,1,1,43.69560153
7,4,1,1,0.595872872
7,3,1,1,70.54955286
7,5,1,1,80.90409924
7,9,1,1,70.2055639
7,1,1,1,83.08846167
7,14,1,1,85.14465222
7,10,1,1,3.149733367
7,2,1,1,78.08461533
7,15,1,1,82.13737482
7,12,3,1,7.782359234
7,11,3,1,53.59986981
7,13,3,1,51.75674767
7,7,3,1,0.0
7,6,3,1,49.61438009
7,8,3,1,53.675534
7,4,3,1,0.646778821
7,3,3,1,86.59757822
7,5,3,1,84.89551287
7,9,3,1,91.39064225
7,1,3,1,97.29293259
7,14,3,1,99.61910732
7,10,3,1,4.166287009
7,2,3,1,92.57247896
7,15,3,1,94.69105416
3,12,2,1,45.04873884
3,11,2,1,45.78100103
3,13,2,1,44.65371267
3,7,2,1,0.924541619
3,6,2,1,44.55887608
3,8,2,1,43.35721014
3,4,2,1,3.420166341
3,3,2,1,72.84831426
3,5,2,1,65.31185167
3,9,2,1,56.83280355
3,1,2,1,76.33726193
3,14,2,1,73.22050209
3,10,2,1,36.47724246
3,2,2,1,68.55764886
3,15,2,1,69.0890435
3,12,1,1,31.88044847
3,11,1,1,44.81754321
3,13,1,1,46.6498955
3,7,1,1,0.668792684
3,6,1,1,39.52986412
3,8,1,1,43.87183311
3,4,1,1,2.74612364
3,3,1,1,72.63770939
3,5,1,1,82.32885806
3,9,1,1,73.64322424
3,1,1,1,87.90201497
3,14,1,1,86.21979782
3,10,1,1,34.20844443
3,2,1,1,77.33294235
3,15,1,1,80.60055876
3,12,3,1,42.28229272
3,11,3,1,50.28665363
3,13,3,1,49.58296909
3,7,3,1,1.18600639
3,6,3,1,48.46327508
3,8,3,1,49.9274003
3,4,3,1,4.582095156
3,3,3,1,78.80108905
3,5,3,1,79.44483195
3,9,3,1,84.85609846
3,1,3,1,93.31083413
3,14,3,1,93.87454124
3,10,3,1,44.02752342
3,2,3,1,89.48065113
3,15,3,1,91.48509414
22,12,2,2,7.372693174
22,11,2,2,9.714563227
22,13,2,2,9.546870881
22,7,2,2,1.022402294
22,6,2,2,12.592787
22,8,2,2,14.01241706
22,4,2,2,4.337310253
22,3,2,2,19.47378974
22,5,2,2,23.2960789
22,9,2,2,24.90011385
22,1,2,2,28.47849533
22,14,2,2,33.33065232
22,10,2,2,6.753074014
22,2,2,2,15.06136862
22,15,2,2,15.12671706
22,12,1,2,3.88663609
22,11,1,2,25.83457198
22,13,1,2,44.5879911
22,7,1,2,0.0
22,6,1,2,15.16664871
22,8,1,2,40.37403082
22,4,1,2,0.0
22,3,1,2,27.79577337
22,5,1,2,72.31351298
22,9,1,2,32.00160024
22,1,1,2,51.8134607
22,14,1,2,83.36436834
22,10,1,2,2.641901391
22,2,1,2,57.97752811
22,15,1,2,80.28994263
22,12,3,2,9.564949769
22,11,3,2,37.21381762
22,13,3,2,47.09764929
22,7,3,2,1.100030526
22,6,3,2,35.70389569
22,8,3,2,54.89240735
22,4,3,2,0.0
22,3,3,2,57.45048731
22,5,3,2,77.02732986
22,9,3,2,69.39855223
22,1,3,2,85.4419715
22,14,3,2,92.00324978
22,10,3,2,21.86178566
22,2,3,2,83.65433196
22,15,3,2,92.95670274
7,12,2,2,1.297818598
7,11,2,2,28.35051675
7,13,2,2,40.1812432
7,7,2,2,0.0
7,6,2,2,40.45135336
7,8,2,2,42.27311559
7,4,2,2,0.910655456
7,3,2,2,62.16368477
7,5,2,2,66.88608561
7,9,2,2,76.83418769
7,1,2,2,91.6524383
7,14,2,2,66.37274183
7,10,2,2,2.534585496
7,2,2,2,47.17441756
7,15,2,2,52.43589363
7,12,1,2,3.542495517
7,11,1,2,39.19686382
7,13,1,2,45.87563784
7,7,1,2,0.0
7,6,1,2,24.02819715
7,8,1,2,39.3913488
7,4,1,2,0.0
7,3,1,2,50.04747607
7,5,1,2,74.62438876
7,9,1,2,54.58472012
7,1,1,2,74.81544975
7,14,1,2,84.20189779
7,10,1,2,2.234092607
7,2,1,2,71.60789091
7,15,1,2,72.77189285
7,12,3,2,4.275083316
7,11,3,2,40.44190447
7,13,3,2,46.6599306
7,7,3,2,0.0
7,6,3,2,46.64994849
7,8,3,2,45.97105208
7,4,3,2,0.0
7,3,3,2,72.38342011
7,5,3,2,82.71053034
7,9,3,2,77.8707536
7,1,3,2,96.59121826
7,14,3,2,97.94800557
7,10,3,2,3.498335753
7,2,3,2,89.32288292
7,15,3,2,89.21674959
3,12,2,2,9.910073167
3,11,2,2,33.09515946
3,13,2,2,39.91592357
3,7,2,2,0.297246729
3,6,2,2,43.42467948
3,8,2,2,45.27500965
3,4,2,2,0.858974836
3,3,2,2,68.84924903
3,5,2,2,64.60847653
3,9,2,2,63.8547365
3,1,2,2,76.33612431
3,14,2,2,73.13965753
3,10,2,2,4.497312079
3,2,2,2,40.87667176
3,15,2,2,40.31664678
3,12,1,2,24.27358667
3,11,1,2,42.64405348
3,13,1,2,47.5989822
3,7,1,2,0.345789289
3,6,1,2,40.97949244
3,8,1,2,43.26194293
3,4,1,2,1.497954505
3,3,1,2,68.06627781
3,5,1,2,74.75498754
3,9,1,2,70.28309787
3,1,1,2,80.52782377
3,14,1,2,85.26909551
3,10,1,2,21.94834142
3,2,1,2,72.58738213
3,15,1,2,77.03264152
3,12,3,2,23.09132333
3,11,3,2,47.555818
3,13,3,2,46.76206263
3,7,3,2,0.605197064
3,6,3,2,47.14534203
3,8,3,2,45.98211557
3,4,3,2,0.0
3,3,3,2,79.73976585
3,5,3,2,80.78664078
3,9,3,2,84.69021766
3,1,3,2,91.05627032
3,14,3,2,98.17713445
3,10,3,2,23.84150703
3,2,3,2,86.41285544
3,15,3,2,87.55418753
22,12,2,4,6.575127297
22,11,2,4,8.742546332
22,13,2,4,9.935132826
22,7,2,4,1.705289038
22,6,2,4,12.29594301
22,8,2,4,16.85702349
22,4,2,4,3.595206135
22,3,2,4,19.90273024
22,5,2,4,25.2527032
22,9,2,4,16.1585109
22,1,2,4,20.64357371
22,14,2,4,24.16256349
22,10,2,4,7.938107708
22,2,2,4,13.6465536
22,15,2,4,14.36737015
22,12,1,4,3.956885702
22,11,1,4,22.516172
22,13,1,4,39.74593472
22,7,1,4,0.0
22,6,1,4,15.82179421
22,8,1,4,40.1396941
22,4,1,4,0.57693322
22,3,1,4,29.29795514
22,5,1,4,73.73993868
22,9,1,4,24.60602271
22,1,1,4,39.09372544
22,14,1,4,65.38933316
22,10,1,4,2.344713425
22,2,1,4,48.30710262
22,15,1,4,72.94185386
22,12,3,4,10.00188169
22,11,3,4,37.52076416
22,13,3,4,52.58811564
22,7,3,4,0.862838268
22,6,3,4,34.28507945
22,8,3,4,53.14523882
22,4,3,4,2.173414859
22,3,3,4,59.96800012
22,5,3,4,80.9780499
22,9,3,4,68.0065648
22,1,3,4,84.91024962
22,14,3,4,95.07020116
22,10,3,4,15.22347574
22,2,3,4,86.41541039
22,15,3,4,92.13068227
7,12,2,4,2.038853369
7,11,2,4,28.76096277
7,13,2,4,44.56045142
7,7,2,4,0.380918213
7,6,2,4,44.68712072
7,8,2,4,52.78848387
7,4,2,4,1.112658983
7,3,2,4,67.02083729
7,5,2,4,72.46627889
7,9,2,4,55.08984272
7,1,2,4,63.25759385
7,14,2,4,66.28326385
7,10,2,4,6.141106311
7,2,2,4,54.56358173
7,15,2,4,63.22469221
7,12,1,4,2.256359852
7,11,1,4,32.38635793
7,13,1,4,44.44197306
7,7,1,4,0.0
7,6,1,4,21.71222946
7,8,1,4,43.86426544
7,4,1,4,0.0
7,3,1,4,39.83155733
7,5,1,4,78.71189796
7,9,1,4,34.68494953
7,1,1,4,51.68395023
7,14,1,4,69.94718927
7,10,1,4,1.517636561
7,2,1,4,65.78374618
7,15,1,4,79.37053051
7,12,3,4,2.510510682
7,11,3,4,36.61548208
7,13,3,4,52.67302388
7,7,3,4,0.0
7,6,3,4,32.99753143
7,8,3,4,57.53990104
7,4,3,4,0.544984175
7,3,3,4,57.85208433
7,5,3,4,85.89473594
7,9,3,4,67.67136056
7,1,3,4,95.55515456
7,14,3,4,99.03446213
7,10,3,4,2.310618854
7,2,3,4,86.53541708
7,15,3,4,94.50096737
3,12,2,4,7.7649642
3,11,2,4,31.45776364
3,13,2,4,39.80414391
3,7,2,4,0.230274449
3,6,2,4,47.71300168
3,8,2,4,54.76985941
3,4,2,4,0.737631078
3,3,2,4,74.13888356
3,5,2,4,71.26504827
3,9,2,4,64.02888238
3,1,2,4,74.63930208
3,14,2,4,76.16070518
3,10,2,4,5.908085833
3,2,2,4,52.86647451
3,15,2,4,56.03413013
3,12,1,4,12.72121896
3,11,1,4,41.67771463
3,13,1,4,43.87448476
3,7,1,4,0.316193405
3,6,1,4,40.29418927
3,8,1,4,45.40015878
3,4,1,4,0.778234105
3,3,1,4,65.05218409
3,5,1,4,78.61961971
3,9,1,4,45.30738516
3,1,1,4,56.65401799
3,14,1,4,68.60611463
3,10,1,4,12.48635948
3,2,1,4,69.81626316
3,15,1,4,75.30179851
3,12,3,4,14.49254361
3,11,3,4,52.13571621
3,13,3,4,48.86581696
3,7,3,4,0.364667905
3,6,3,4,55.18037009
3,8,3,4,55.01223205
3,4,3,4,1.087256852
3,3,3,4,81.22830675
3,5,3,4,80.71099803
3,9,3,4,86.20017514
3,1,3,4,84.17796028
3,14,3,4,95.67591323
3,10,3,4,14.50083816
3,2,3,4,91.52862329
3,15,3,4,92.65898323
18,12,2,3,12.6512469
18,11,2,3,13.83708642
18,13,2,3,15.0343232
18,7,2,3,1.856863727
18,6,2,3,4.344676685
18,8,2,3,5.971176669
18,4,2,3,8.323184663
18,3,2,3,13.24692026
18,5,2,3,15.01178808
18,9,2,3,12.98584411
18,1,2,3,17.08756486
18,14,2,3,19.42152909
18,10,2,3,61.68885211
18,2,2,3,64.52902546
18,15,2,3,64.66756982
18,12,1,3,14.26895253
18,11,1,3,24.93013825
18,13,1,3,38.55067304
18,7,1,3,0.0
18,6,1,3,1.224185961
18,8,1,3,2.633257106
18,4,1,3,1.932595354
18,3,1,3,8.432863834
18,5,1,3,11.40684881
18,9,1,3,16.82928554
18,1,1,3,35.53815083
18,14,1,3,41.96438983
18,10,1,3,2.917168593
18,2,1,3,7.768371677
18,15,1,3,14.74148388
18,12,3,3,21.50977994
18,11,3,3,20.96272395
18,13,3,3,26.67806508
18,7,3,3,0.0
18,6,3,3,3.941726457
18,8,3,3,7.774794319
18,4,3,3,2.331533569
18,3,3,3,15.28777504
18,5,3,3,23.43579167
18,9,3,3,15.69796379
18,1,3,3,27.33482675
18,14,3,3,34.44632451
18,10,3,3,9.061926079
18,2,3,3,20.11332693
18,15,3,3,25.93974836
20,12,2,3,2.968869757
20,11,2,3,2.391870808
20,13,2,3,20.86747592
20,7,2,3,2.064063489
20,6,2,3,11.1309805
20,8,2,3,14.36693621
20,4,2,3,9.085602443
20,3,2,3,51.71538404
20,5,2,3,53.23936389
20,9,2,3,10.59565991
20,1,2,3,12.24156469
20,14,2,3,12.7214048
20,10,2,3,20.53476821
20,2,2,3,16.03639807
20,15,2,3,19.29401032
20,12,1,3,24.42152468
20,11,1,3,35.72058232
20,13,1,3,34.68866542
20,7,1,3,1.299881507
20,6,1,3,17.26980964
20,8,1,3,28.37187434
20,4,1,3,5.370036774
20,3,1,3,37.71186321
20,5,1,3,36.02889558
20,9,1,3,32.92776022
20,1,1,3,59.55262648
20,14,1,3,57.6053748
20,10,1,3,18.46342998
20,2,1,3,36.80966237
20,15,1,3,44.33084711
20,12,3,3,26.52646529
20,11,3,3,40.07198822
20,13,3,3,44.04700483
20,7,3,3,0.844427684
20,6,3,3,10.60791195
20,8,3,3,19.44976087
20,4,3,3,4.67315366
20,3,3,3,33.71090461
20,5,3,3,58.95423439
20,9,3,3,32.36907857
20,1,3,3,58.30938102
20,14,3,3,63.62909921
20,10,3,3,15.1458408
20,2,3,3,31.9937252
20,15,3,3,53.36463944
13,12,2,3,5.928429551
13,11,2,3,9.302544665
13,13,2,3,34.88077285
13,7,2,3,0.47110416
13,6,2,3,28.77482765
13,8,2,3,35.21497708
13,4,2,3,4.111488109
13,3,2,3,64.27233548
13,5,2,3,65.69456697
13,9,2,3,14.11480355
13,1,2,3,17.56349703
13,14,2,3,15.1215994
13,10,2,3,12.74466628
13,2,2,3,14.21418921
13,15,2,3,16.84841979
13,12,1,3,19.58685815
13,11,1,3,43.74297776
13,13,1,3,41.13226409
13,7,1,3,0.43718104
13,6,1,3,23.41191123
13,8,1,3,34.22871308
13,4,1,3,2.005732083
13,3,1,3,50.97511306
13,5,1,3,50.54514481
13,9,1,3,39.19022489
13,1,1,3,59.13712916
13,14,1,3,63.46127974
13,10,1,3,14.56258268
13,2,1,3,42.70687587
13,15,1,3,51.1783537
13,12,3,3,20.79893886
13,11,3,3,44.03844861
13,13,3,3,47.42870408
13,7,3,3,0.389738186
13,6,3,3,14.82994008
13,8,3,3,27.38026406
13,4,3,3,1.922791563
13,3,3,3,42.32124218
13,5,3,3,66.26745697
13,9,3,3,38.26811211
13,1,3,3,65.27849508
13,14,3,3,69.51698512
13,10,3,3,11.65114169
13,2,3,3,35.81675951
13,15,3,3,49.09682213
18,12,2,1,14.56538038
18,11,2,1,18.74350865
18,13,2,1,19.60839775
18,7,2,1,2.060581853
18,6,2,1,16.39030586
18,8,2,1,19.65840226
18,4,2,1,6.853480142
18,3,2,1,26.75645727
18,5,2,1,27.04861196
18,9,2,1,31.29909936
18,1,2,1,35.2030282
18,14,2,1,40.08669181
18,10,2,1,68.76495224
18,2,2,1,74.00970333
18,15,2,1,70.58038327
18,12,1,1,12.56300254
18,11,1,1,47.02427089
18,13,1,1,48.56121582
18,7,1,1,0.529819216
18,6,1,1,47.2768797
18,8,1,1,55.19349187
18,3,1,1,73.2728017
18,5,1,1,77.78682066
18,9,1,1,69.39495874
18,1,1,1,84.60201966
18,14,1,1,85.14015258
18,10,1,1,12.48383732
18,2,1,1,78.00495066
18,15,1,1,83.73721982
18,12,3,1,26.05284451
18,11,3,1,53.83922891
18,13,3,1,52.3137348
18,7,3,1,3.500057239
18,6,3,1,49.39865649
18,8,3,1,56.13504943
18,4,3,1,16.2490011
18,3,3,1,79.87241595
18,5,3,1,81.15116736
18,9,3,1,88.44637346
18,1,3,1,93.09950718
18,14,3,1,99.99999
18,10,3,1,36.89391539
18,2,3,1,94.34623373
18,15,3,1,93.02887198
20,12,2,1,34.28672739
20,11,2,1,51.07128287
20,13,2,1,44.71241275
20,7,2,1,1.112505085
20,6,2,1,50.90618574
20,8,2,1,54.23706048
20,4,2,1,4.695061055
20,3,2,1,83.3036144
20,5,2,1,70.00785114
20,9,2,1,52.85443039
20,1,2,1,72.15476775
20,14,2,1,73.13874552
20,10,2,1,18.412337
20,2,2,1,1.57607478
20,15,2,1,1.834161249
20,12,1,1,39.94694428
20,11,1,1,54.22375463
20,13,1,1,50.12467654
20,7,1,1,1.102452884
20,6,1,1,45.39654665
20,8,1,1,51.57354724
20,3,1,1,77.85802389
20,5,1,1,80.13587028
20,9,1,1,80.58863006
20,1,1,1,86.2541164
20,14,1,1,91.93340238
20,10,1,1,49.30997149
20,2,1,1,86.10507439
20,15,1,1,88.16754027
20,12,3,1,45.04099086
20,11,3,1,52.01896484
20,13,3,1,50.27132659
20,7,3,1,1.402918235
20,6,3,1,50.57898439
20,8,3,1,51.23480839
20,4,3,1,6.591475121
20,3,3,1,83.09647392
20,5,3,1,79.26160687
20,9,3,1,86.19439925
20,1,3,1,91.26694463
20,14,3,1,95.38648822
20,10,3,1,63.26443611
20,2,3,1,94.87994774
20,15,3,1,93.42111456
13,12,2,1,31.76101887
13,11,2,1,47.94242943
13,13,2,1,42.81292825
13,7,2,1,0.39886034
13,6,2,1,45.57576479
13,8,2,1,49.32093179
13,4,2,1,3.622466468
13,3,2,1,75.31115449
13,5,2,1,67.19184926
13,9,2,1,54.63079808
13,1,2,1,63.14714159
13,14,2,1,63.83709974
13,10,2,1,20.39347896
13,2,2,1,0.0
13,15,2,1,0.0
13,12,1,1,34.30918762
13,11,1,1,52.55061961
13,13,1,1,52.37811419
13,7,1,1,0.695297498
13,6,1,1,43.182647
13,8,1,1,52.5635645
13,4,1,1,3.012114112
13,3,1,1,80.58281911
13,5,1,1,81.02094948
13,9,1,1,76.63515592
13,1,1,1,88.44485055
13,14,1,1,90.22793001
13,10,1,1,30.758172
13,2,1,1,85.68357471
13,15,1,1,86.971127
13,12,3,1,34.96627405
13,7,3,1,0.97555089
13,6,3,1,44.07099157
13,8,3,1,48.93807733
13,4,3,1,3.893641215
13,3,3,1,79.05542624
13,5,3,1,79.63886176
13,9,3,1,86.00345438
13,1,3,1,92.13719474
13,14,3,1,91.51096876
13,10,3,1,30.83522639
13,2,3,1,92.72370704
13,15,3,1,92.25602815
18,12,2,2,9.322132163
18,11,2,2,13.23389373
18,13,2,2,12.65611523
18,7,2,2,0.862512473
18,6,2,2,11.12595571
18,8,2,2,11.33541199
18,4,2,2,3.848767902
18,3,2,2,26.55673667
18,5,2,2,25.42117806
18,9,2,2,23.70056273
18,1,2,2,25.95507424
18,14,2,2,35.80276164
18,10,2,2,66.85191048
18,2,2,2,70.56509529
18,15,2,2,66.6354412
18,12,1,2,3.468901589
18,11,1,2,31.17955703
18,13,1,2,44.26289513
18,7,1,2,0.0
18,6,1,2,11.31352123
18,8,1,2,33.79435982
18,4,1,2,0.0
18,3,1,2,36.54381967
18,5,1,2,78.50560016
18,9,1,2,32.19059222
18,1,1,2,55.46040564
18,14,1,2,81.63511603
18,10,1,2,4.546243303
18,2,1,2,60.54913452
18,15,1,2,71.15077458
18,12,3,2,22.42347536
18,11,3,2,41.46468331
18,13,3,2,54.24578847
18,7,3,2,1.581660756
18,6,3,2,20.76458994
18,8,3,2,36.05750203
18,4,3,2,7.805738503
18,3,3,2,52.90774845
18,5,3,2,83.29437838
18,9,3,2,50.80872036
18,1,3,2,71.49385038
18,14,3,2,99.99999
18,10,3,2,29.94942755
18,2,3,2,80.02767877
18,15,3,2,88.40427326
20,12,2,2,7.021683633
20,11,2,2,32.41068171
20,13,2,2,34.60429695
20,7,2,2,0.51807887
20,6,2,2,38.44240466
20,8,2,2,50.89816476
20,4,2,2,5.429390182
20,3,2,2,70.22907456
20,5,2,2,73.4448659
20,9,2,2,68.99091328
20,1,2,2,87.93113193
20,14,2,2,89.46707858
20,10,2,2,6.160292213
20,2,2,2,4.80921591
20,15,2,2,4.592618792
20,12,1,2,25.85124884
20,11,1,2,48.4805474
20,13,1,2,47.29404915
20,7,1,2,0.682447226
20,6,1,2,40.82349272
20,8,1,2,45.50089871
20,4,1,2,2.461539411
20,3,1,2,73.58359974
20,5,1,2,79.18190676
20,9,1,2,78.17281005
20,1,1,2,84.44355873
20,14,1,2,91.20970452
20,10,1,2,40.48243437
20,2,1,2,78.37132703
20,12,3,2,23.89038147
20,11,3,2,46.79588748
20,13,3,2,46.14092963
20,7,3,2,0.81239337
20,6,3,2,34.83452753
20,8,3,2,44.26066466
20,4,3,2,9.034825048
20,3,3,2,74.23566846
20,5,3,2,78.10978605
20,9,3,2,86.12188158
20,1,3,2,87.95919128
20,14,3,2,92.35381549
20,10,3,2,42.37662469
20,2,3,2,89.5866498
20,15,3,2,88.35188783
13,12,2,2,1.039364305
13,11,2,2,23.78240992
13,13,2,2,28.58196621
13,7,2,2,0.0
13,6,2,2,44.72607544
13,8,2,2,37.40734019
13,4,2,2,7.259312325
13,3,2,2,68.29340203
13,5,2,2,71.5462211
13,9,2,2,69.08248124
13,1,2,2,88.30829539
13,14,2,2,92.90401218
13,10,2,2,1.691952122
13,2,2,2,0.955483806
13,15,2,2,0.597977578
13,12,1,2,13.50296194
13,11,1,2,48.49744103
13,13,1,2,50.86308576
13,7,1,2,0.0
13,6,1,2,47.57684436
13,8,1,2,54.42113597
13,4,1,2,0.0
13,3,1,2,77.66498135
13,5,1,2,81.47790375
13,9,1,2,63.40623793
13,1,1,2,77.4707991
13,14,1,2,90.37135809
13,10,1,2,13.89042777
13,2,1,2,81.62368897
13,15,1,2,83.33821324
13,12,3,2,18.21528105
13,11,3,2,49.51819322
13,13,3,2,47.67937659
13,7,3,2,0.354218547
13,6,3,2,48.43208177
13,8,3,2,43.57558027
13,4,3,2,4.228381568
13,3,3,2,79.45834404
13,5,3,2,79.06108402
13,9,3,2,87.76406197
13,1,3,2,93.03255731
13,14,3,2,98.84920594
13,10,3,2,14.59032311
13,2,3,2,93.74857618
13,15,3,2,93.10117477
18,12,2,4,9.062775444
18,11,2,4,13.5242012
18,13,2,4,13.8481868
18,7,2,4,1.858564029
18,6,2,4,13.88581248
18,8,2,4,16.72117045
18,4,2,4,6.264897465
18,3,2,4,23.31600153
18,5,2,4,26.3918508
18,9,2,4,19.27582448
18,1,2,4,20.15990301
18,14,2,4,27.24737039
18,10,2,4,68.47251074
18,2,2,4,71.41375314
18,15,2,4,68.57486471
18,12,1,4,3.309805744
18,11,1,4,19.84794125
18,13,1,4,35.66483427
18,7,1,4,0.0
18,6,1,4,15.1448727
18,8,1,4,47.46105675
18,4,1,4,0.620480408
18,3,1,4,27.30055458
18,5,1,4,67.48065191
18,9,1,4,17.3168226
18,1,1,4,16.25514799
18,14,1,4,50.42857568
18,10,1,4,4.713893798
18,2,1,4,45.27091516
18,15,1,4,58.943816
18,12,3,4,20.59737033
18,11,3,4,33.22033214
18,13,3,4,48.38997285
18,7,3,4,2.018550488
18,6,3,4,28.52881836
18,8,3,4,49.32388819
18,4,3,4,7.120028255
18,3,3,4,49.40490981
18,5,3,4,74.16554821
18,9,3,4,44.47903411
18,1,3,4,59.28097568
18,14,3,4,81.51017538
18,10,3,4,28.30443344
18,2,3,4,68.89095082
18,15,3,4,84.40270662
20,12,2,4,5.298717423
20,11,2,4,41.59326244
20,13,2,4,44.78270058
20,7,2,4,1.262424529
20,6,2,4,53.17975334
20,8,2,4,54.63240731
20,4,2,4,4.246823607
20,3,2,4,82.46360414
20,5,2,4,79.07623711
20,9,2,4,74.61155282
20,1,2,4,83.37705512
20,14,2,4,91.37329051
20,10,2,4,9.147761663
20,2,2,4,1.707595349
20,15,2,4,2.733728741
20,12,1,4,25.8434488
20,11,1,4,48.06786456
20,13,1,4,48.00212967
20,7,1,4,0.85894734
20,6,1,4,46.19696168
20,8,1,4,51.39664392
20,4,1,4,2.615785832
20,3,1,4,73.85492194
20,5,1,4,78.46972259
20,9,1,4,61.91869342
20,1,1,4,66.70576357
20,14,1,4,69.8410056
20,10,1,4,35.8579046
20,2,1,4,81.6084941
20,15,1,4,84.5566149
20,12,3,4,28.68684159
20,11,3,4,53.85457225
20,13,3,4,55.16379105
20,7,3,4,1.068125406
20,6,3,4,54.23706273
20,8,3,4,50.10376029
20,4,3,4,3.135484875
20,3,3,4,80.39591728
20,5,3,4,82.63071562
20,9,3,4,89.88953077
20,1,3,4,92.89765441
20,14,3,4,94.14846732
20,10,3,4,41.58551371
20,2,3,4,95.12897845
20,15,3,4,92.39124083
13,12,2,4,1.261091862
13,11,2,4,12.61696696
13,13,2,4,36.64285561
13,7,2,4,0.0
13,6,2,4,52.34346738
13,8,2,4,57.08877056
13,4,2,4,1.117675591
13,3,2,4,83.14947865
13,5,2,4,82.84063003
13,9,2,4,80.49152522
13,1,2,4,89.89767813
13,14,2,4,94.29690562
13,10,2,4,2.241763673
13,2,2,4,1.826315609
13,15,2,4,0.747631534
13,12,1,4,9.328786223
13,11,1,4,45.92980056
13,13,1,4,52.24472601
13,7,1,4,0.338169234
13,6,1,4,43.34412585
13,8,1,4,53.38444046
13,4,1,4,0.841459123
13,3,1,4,72.1822742
13,5,1,4,83.93941968
13,9,1,4,38.32865111
13,1,1,4,59.55424843
13,14,1,4,77.75555198
13,10,1,4,11.79076705
13,2,1,4,83.93526521
13,15,1,4,90.73131654
13,12,3,4,12.78013721
13,11,3,4,49.15372199
13,13,3,4,55.56585889
13,7,3,4,0.355367929
13,6,3,4,50.10834683
13,8,3,4,53.33497035
13,4,3,4,0.968826586
13,3,3,4,80.68492948
13,5,3,4,83.05466982
13,9,3,4,81.37846659
13,1,3,4,89.47412112
13,14,3,4,95.75260589
13,10,3,4,9.967076399
13,2,3,4,86.08980917
13,15,3,4,94.54981251
16,12,2,3,11.59050003
16,11,2,3,12.36887401
16,13,2,3,16.16257939
16,7,2,3,1.729864191
16,6,2,3,4.215754471
16,8,2,3,4.112217946
16,4,2,3,7.911192525
16,3,2,3,13.99630758
16,5,2,3,18.40781284
16,9,2,3,13.98755594
16,1,2,3,20.04239857
16,14,2,3,19.49452071
16,10,2,3,9.474964289
16,2,2,3,10.26328927
16,15,2,3,14.9442896
16,12,1,3,15.11582189
16,11,1,3,28.39895545
16,13,1,3,34.38141407
16,7,1,3,0.377050084
16,6,1,3,9.043513945
16,8,1,3,13.524053
16,4,1,3,3.045865819
16,3,1,3,26.51530021
16,5,1,3,28.15132537
16,9,1,3,22.49487977
16,1,1,3,37.83294904
16,14,1,3,43.37501152
16,10,1,3,10.00638892
16,2,1,3,21.4669222
16,15,1,3,32.75793304
16,12,3,3,11.65330714
16,11,3,3,22.58353247
16,13,3,3,35.26155109
16,7,3,3,0.275668441
16,6,3,3,4.057606054
16,8,3,3,8.039691846
16,4,3,3,2.547971795
16,3,3,3,17.09448081
16,5,3,3,30.59514524
16,9,3,3,26.31222578
16,1,3,3,50.09944792
16,14,3,3,55.00354925
16,10,3,3,6.968929302
16,2,3,3,18.1188647
16,15,3,3,29.06844689
19,12,2,3,1.25144582
19,11,2,3,8.110761371
19,13,2,3,9.109122278
19,7,2,3,0.121773863
19,6,2,3,3.267294839
19,8,2,3,9.105544009
19,4,2,3,0.689951869
19,3,2,3,8.876631997
19,5,2,3,6.083579291
19,9,2,3,7.972544215
19,1,2,3,11.17697809
19,14,2,3,13.03686492
19,10,2,3,3.23775549
19,2,2,3,7.996830791
19,15,2,3,9.676524882
19,12,1,3,0.0
19,11,1,3,3.342369627
19,13,1,3,23.70536277
19,7,1,3,0.0
19,6,1,3,0.0
19,8,1,3,1.742923089
19,4,1,3,0.0
19,3,1,3,1.132043957
19,5,1,3,4.889819476
19,9,1,3,4.510171982
19,1,1,3,34.38173794
19,14,1,3,42.29478749
19,10,1,3,0.0
19,2,1,3,5.948041851
19,15,1,3,8.970807298
19,12,3,3,0.0
19,11,3,3,3.074612079
19,13,3,3,14.24693951
19,7,3,3,0.0
19,6,3,3,0.0
19,8,3,3,0.878081853
19,4,3,3,0.0
19,3,3,3,0.830867403
19,5,3,3,2.902396599
19,9,3,3,6.536001371
19,1,3,3,46.5446166
19,14,3,3,46.08846314
19,10,3,3,0.0
19,2,3,3,3.074693717
19,15,3,3,5.085670913
14,12,2,3,18.46507819
14,11,2,3,13.47157217
14,13,2,3,37.38354754
14,7,2,3,1.208332351
14,6,2,3,39.67142934
14,8,2,3,41.17834608
14,4,2,3,10.30004263
14,3,2,3,61.72597738
14,5,2,3,62.91956913
14,9,2,3,19.78619625
14,1,2,3,23.5354934
14,14,2,3,21.9180702
14,10,2,3,47.96214472
14,2,2,3,27.15198165
14,15,2,3,76.45126838
14,12,1,3,0.0
14,11,1,3,30.36311877
14,13,1,3,31.86956379
14,7,1,3,0.542497492
14,6,1,3,14.09805788
14,8,1,3,17.10738006
14,4,1,3,3.019148584
14,3,1,3,33.44114491
14,5,1,3,35.15374563
14,9,1,3,24.23900204
14,1,1,3,43.49187499
14,14,1,3,48.23965662
14,10,1,3,14.0670777
14,2,1,3,26.30947521
14,15,1,3,35.92744664
14,12,3,3,12.90070345
14,11,3,3,25.0144043
14,13,3,3,42.53147932
14,7,3,3,0.44794504
14,6,3,3,12.94497014
14,8,3,3,24.71545556
14,4,3,3,2.841459947
14,3,3,3,36.58244249
14,5,3,3,64.13599101
14,9,3,3,32.16531055
14,1,3,3,51.64764803
14,14,3,3,58.39892185
14,10,3,3,13.37572764
14,2,3,3,30.61273502
14,15,3,3,47.66948987
11,12,2,3,9.055172217
11,11,2,3,8.916453721
11,13,2,3,8.674987339
11,7,2,3,1.468935867
11,6,2,3,2.627491811
11,8,2,3,4.471163192
11,4,2,3,6.90640733
11,3,2,3,8.653540466
11,5,2,3,10.22354965
11,9,2,3,7.147436012
11,1,2,3,9.80291595
11,14,2,3,10.13794025
11,10,2,3,3.031273928
11,2,2,3,4.546819288
11,15,2,3,8.546147234
11,12,1,3,7.131859569
11,11,1,3,17.58389829
11,13,1,3,26.35991815
11,7,1,3,0.0
11,6,1,3,0.665064231
11,8,1,3,2.871965335
11,4,1,3,0.0
11,3,1,3,4.892554111
11,5,1,3,8.121165956
11,9,1,3,11.68964545
11,1,1,3,24.97534285
11,14,1,3,29.2582978
11,10,1,3,0.894637207
11,2,1,3,2.546576237
11,15,1,3,7.473385241
11,12,3,3,9.967512853
11,11,3,3,17.78386933
11,13,3,3,18.90594075
11,7,3,3,0.0
11,6,3,3,2.785991996
11,8,3,3,3.936030958
11,4,3,3,3.462173057
11,3,3,3,12.57060724
11,5,3,3,12.67179243
11,9,3,3,14.22488447
11,1,3,3,19.78249574
11,14,3,3,23.41994655
11,10,3,3,6.131625875
11,2,3,3,9.894361569
11,15,3,3,12.53742021
16,12,2,1,9.616112883
16,11,2,1,13.66496862
16,13,2,1,11.85429164
16,7,2,1,2.579332416
16,6,2,1,16.4358293
16,8,2,1,18.29616546
16,4,2,1,2.889330361
16,3,2,1,19.25650723
16,5,2,1,19.42489921
16,9,2,1,30.38899776
16,1,2,1,38.88072897
16,14,2,1,40.27887601
16,10,2,1,11.94269708
16,2,2,1,21.93776353
16,15,2,1,23.04134387
16,12,1,1,10.309392
16,11,1,1,32.25917309
16,13,1,1,36.38251036
16,7,1,1,0.321740184
16,6,1,1,33.60384304
16,8,1,1,42.00742206
16,4,1,1,1.095223411
16,3,1,1,52.43953497
16,5,1,1,54.90007838
16,9,1,1,54.22895975
16,1,1,1,63.56431346
16,14,1,1,63.2869505
16,10,1,1,12.05436323
16,2,1,1,57.02971842
16,15,1,1,54.65489395
16,12,3,1,23.76547665
16,11,3,1,35.88987774
16,13,3,1,46.36906778
16,7,3,1,0.857255308
16,6,3,1,44.39407022
16,8,3,1,53.10447809
16,4,3,1,5.49871711
16,3,3,1,68.26027768
16,5,3,1,67.19924832
16,9,3,1,73.07610721
16,1,3,1,81.15618498
16,14,3,1,79.52732954
16,10,3,1,39.62688642
16,2,3,1,82.02772208
16,15,3,1,86.76211847
19,12,2,1,10.05139356
19,11,2,1,12.33593597
19,13,2,1,10.49048013
19,7,2,1,0.970983294
19,6,2,1,13.33701887
19,8,2,1,17.14482537
19,4,2,1,4.522238884
19,3,2,1,14.62829911
19,5,2,1,13.95628888
19,9,2,1,19.47556274
19,1,2,1,21.66443641
19,14,2,1,18.99441923
19,10,2,1,12.14875689
19,2,2,1,14.44407911
19,15,2,1,11.72782605
19,12,1,1,0.330501293
19,11,1,1,5.800095284
19,13,1,1,9.518190042
19,7,1,1,0.0
19,6,1,1,6.77799041
19,8,1,1,14.9053934
19,4,1,1,0.0
19,3,1,1,12.68915479
19,5,1,1,30.40581968
19,9,1,1,8.246523526
19,1,1,1,36.7072802
19,14,1,1,54.29333472
19,10,1,1,0.0
19,2,1,1,19.13564251
19,15,1,1,13.7385945
19,12,3,1,0.419612341
19,11,3,1,11.85943612
19,13,3,1,33.82793233
19,7,3,1,0.0
19,6,3,1,13.87014343
19,8,3,1,33.28584241
19,4,3,1,0.0
19,3,3,1,24.59821074
19,5,3,1,66.86881109
19,9,3,1,14.03184959
19,1,3,1,60.85990802
19,14,3,1,80.53864746
19,10,3,1,0.0
19,2,3,1,46.74806516
19,15,3,1,45.53588257
14,12,2,1,21.18588073
14,11,2,1,23.00642082
14,13,2,1,39.51659226
14,7,2,1,2.048615833
14,6,2,1,44.92520247
14,8,2,1,47.05254638
14,4,2,1,13.82100293
14,3,2,1,72.6088082
14,5,2,1,69.38989345
14,9,2,1,62.426823
14,1,2,1,76.21686958
14,14,2,1,70.35430221
14,10,2,1,59.99235473
14,2,2,1,75.38356191
14,15,2,1,78.29631742
14,12,1,1,26.29043032
14,11,1,1,34.77458228
14,13,1,1,37.39782282
14,7,1,1,0.96264489
14,6,1,1,39.32908802
14,8,1,1,40.32887688
14,4,1,1,4.451923676
14,3,1,1,61.04819615
14,5,1,1,59.7575144
14,9,1,1,57.84627264
14,1,1,1,65.93366748
14,14,1,1,63.71103229
14,10,1,1,38.01577432
14,2,1,1,66.0578891
14,15,1,1,62.40731324
14,12,3,1,28.72536954
14,11,3,1,34.91231211
14,13,3,1,45.90687609
14,7,3,1,1.413781414
14,6,3,1,50.43757677
14,8,3,1,52.0133379
14,4,3,1,5.620589612
14,3,3,1,73.06292012
14,5,3,1,75.59377488
14,9,3,1,76.3025428
14,1,3,1,80.02551627
14,14,3,1,83.65366275
14,10,3,1,45.11238212
14,2,3,1,78.61845192
14,15,3,1,84.40416295
11,12,2,1,8.912186757
11,11,2,1,10.72342611
11,13,2,1,11.81277895
11,7,2,1,1.84960131
11,6,2,1,9.065649451
11,8,2,1,13.83920399
11,4,2,1,4.278834497
11,3,2,1,16.48404533
11,5,2,1,17.45236147
11,9,2,1,18.18990312
11,1,2,1,23.65087488
11,14,2,1,26.69194458
11,10,2,1,8.194090633
11,2,2,1,14.81646107
11,15,2,1,16.67869351
11,12,1,1,4.385154303
11,11,1,1,27.07281953
11,13,1,1,30.11809644
11,7,1,1,0.0
11,6,1,1,25.94022732
11,8,1,1,35.19969401
11,4,1,1,0.478819391
11,3,1,1,47.92550874
11,5,1,1,50.62222146
11,9,1,1,38.10999093
11,1,1,1,54.30595244
11,14,1,1,57.95225277
11,10,1,1,3.496970929
11,2,1,1,46.50216111
11,15,1,1,49.89638876
11,12,3,1,14.03295033
11,11,3,1,33.32323005
11,13,3,1,44.03901684
11,7,3,1,4.510108394
11,6,3,1,31.15457228
11,8,3,1,42.55967392
11,4,3,1,16.12823791
11,3,3,1,58.864107
11,5,3,1,61.87528527
11,9,3,1,63.35366236
11,1,3,1,81.85780625
11,14,3,1,86.21496371
11,10,3,1,26.57993699
11,2,3,1,73.72948461
11,15,3,1,77.85078652
16,12,2,2,3.167837071
16,11,2,2,1.983204496
16,13,2,2,2.106143629
16,7,2,2,0.295056228
16,6,2,2,9.853260903
16,8,2,2,9.685019183
16,4,2,2,2.658633939
16,3,2,2,14.46737016
16,5,2,2,17.15607423
16,9,2,2,28.40072634
16,1,2,2,32.01759643
16,14,2,2,39.75657581
16,10,2,2,1.859601121
16,2,2,2,3.947187556
16,15,2,2,5.007207988
16,12,1,2,2.874679313
16,11,1,2,28.48464058
16,13,1,2,35.59381518
16,7,1,2,0.0
16,6,1,2,19.70724871
16,8,1,2,37.2145199
16,4,1,2,5.479660726
16,3,1,2,38.82629912
16,5,1,2,64.96884309
16,9,1,2,42.31281665
16,1,1,2,57.9744807
16,14,1,2,65.15148191
16,10,1,2,3.551606076
16,2,1,2,53.91867484
16,15,1,2,62.34681732
16,12,3,2,4.68080841
16,11,3,2,29.59583126
16,13,3,2,43.56818344
16,7,3,2,0.0
16,6,3,2,35.46998729
16,8,3,2,49.74093184
16,4,3,2,5.688672061
16,3,3,2,64.99704829
16,5,3,2,75.71719698
16,9,3,2,77.92695821
16,1,3,2,88.82757824
16,14,3,2,84.31065923
16,10,3,2,8.955957809
16,2,3,2,80.64990682
16,15,3,2,92.20931063
19,12,2,2,2.887815395
19,11,2,2,11.65626027
19,13,2,2,12.51034862
19,7,2,2,0.1532428
19,6,2,2,10.4212352
19,8,2,2,15.44371593
19,4,2,2,1.034854608
19,3,2,2,15.70792465
19,5,2,2,11.23128528
19,9,2,2,13.20129952
19,1,2,2,14.46827704
19,14,2,2,13.88482007
19,10,2,2,6.968372781
19,2,2,2,15.40870509
19,15,2,2,14.85665703
19,12,1,2,0.0
19,11,1,2,4.220973073
19,13,1,2,11.98186799
19,7,1,2,0.0
19,6,1,2,3.378377543
19,8,1,2,15.30703648
19,4,1,2,3.549284452
19,3,1,2,7.705318498
19,5,1,2,41.94054392
19,9,1,2,9.609943508
19,1,1,2,15.35251148
19,14,1,2,43.16671419
19,10,1,2,0.0
19,2,1,2,11.61765415
19,15,1,2,12.24697181
19,12,3,2,0.413827697
19,11,3,2,9.508022367
19,13,3,2,32.14841463
19,7,3,2,0.0
19,6,3,2,7.275251821
19,8,3,2,35.33585167
19,4,3,2,3.20619178
19,3,3,2,16.32124134
19,5,3,2,73.16269955
19,9,3,2,21.81045338
19,1,3,2,48.23235239
19,14,3,2,78.78970759
19,10,3,2,0.0
19,2,3,2,12.90161423
19,15,3,2,26.6793303
14,12,2,2,8.171441334
14,11,2,2,19.65092582
14,13,2,2,39.13544884
14,7,2,2,0.0
14,6,2,2,47.81434881
14,8,2,2,48.36396181
14,4,2,2,1.372286353
14,3,2,2,67.28395541
14,5,2,2,74.23518284
14,9,2,2,73.53944548
14,1,2,2,79.65524299
14,14,2,2,84.58893866
14,10,2,2,8.990373152
14,2,2,2,48.47717448
14,15,2,2,70.14574928
14,12,1,2,16.06858475
14,11,1,2,33.41994964
14,13,1,2,36.38014621
14,7,1,2,0.35921569
14,6,1,2,38.49679424
14,8,1,2,40.47969677
14,4,1,2,5.094725505
14,3,1,2,59.16896654
14,5,1,2,65.19833527
14,9,1,2,57.83107149
14,1,1,2,62.53871196
14,14,1,2,65.59087383
14,10,1,2,21.23653704
14,2,1,2,61.27839379
14,15,1,2,63.81281277
14,12,3,2,14.2414228
14,11,3,2,33.56777138
14,13,3,2,45.52244321
14,7,3,2,0.49264217
14,6,3,2,52.14134094
14,8,3,2,49.57379186
14,4,3,2,7.18319285
14,3,3,2,75.03674068
14,5,3,2,79.76639273
14,9,3,2,79.07949659
14,1,3,2,86.78620377
14,14,3,2,89.32312927
14,10,3,2,20.99661905
14,2,3,2,86.07412603
14,15,3,2,93.58777419
11,12,2,2,6.945630993
11,11,2,2,8.368171473
11,13,2,2,10.75855339
11,7,2,2,0.5287627
11,6,2,2,9.492103343
11,8,2,2,12.42396719
11,4,2,2,3.257714985
11,3,2,2,15.67304028
11,5,2,2,16.97838607
11,9,2,2,16.31613355
11,1,2,2,19.93006899
11,14,2,2,24.6686189
11,10,2,2,7.371601311
11,2,2,2,10.88559026
11,15,2,2,13.1837798
11,12,1,2,0.871820746
11,11,1,2,10.20185762
11,13,1,2,28.77460219
11,7,1,2,0.0
11,6,1,2,4.728362295
11,8,1,2,35.24488191
11,4,1,2,4.103392125
11,3,1,2,10.36729294
11,5,1,2,56.21933491
11,9,1,2,13.57914578
11,1,1,2,24.95867786
11,14,1,2,49.7806525
11,10,1,2,0.0
11,2,1,2,26.20309393
11,15,1,2,40.57039192
11,12,3,2,7.387205125
11,11,3,2,22.3492694
11,13,3,2,47.05511825
11,7,3,2,0.987020024
11,6,3,2,17.55880282
11,8,3,2,43.58283319
11,4,3,2,12.47762059
11,3,3,2,32.02304313
11,5,3,2,72.70979963
11,9,3,2,36.05565123
11,1,3,2,46.16924796
11,14,3,2,87.75322874
11,10,3,2,24.93118771
11,2,3,2,45.52509107
11,15,3,2,70.18702806
16,12,2,4,1.918248424
16,11,2,4,2.933858815
16,13,2,4,3.446957245
16,7,2,4,0.0
16,6,2,4,7.829216765
16,8,2,4,11.24955158
16,4,2,4,0.628858286
16,3,2,4,12.30029297
16,5,2,4,17.30024922
16,9,2,4,17.08713871
16,1,2,4,21.75875381
16,14,2,4,27.05720868
16,10,2,4,2.029011587
16,2,2,4,3.679918653
16,15,2,4,5.39705828
16,12,1,4,3.399446884
16,11,1,4,24.03126631
16,13,1,4,37.04718214
16,7,1,4,0.0
16,6,1,4,20.36820588
16,8,1,4,37.1376218
16,4,1,4,0.375286042
16,3,1,4,34.22216946
16,5,1,4,60.33199916
16,9,1,4,28.41978949
16,1,1,4,37.45572206
16,14,1,4,46.33728613
16,10,1,4,3.063860217
16,2,1,4,43.8122723
16,15,1,4,54.92415457
16,12,3,4,7.259820865
16,11,3,4,29.47262424
16,13,3,4,47.11942721
16,7,3,4,0.382305168
16,6,3,4,42.90896956
16,8,3,4,50.10463357
16,4,3,4,1.379250532
16,3,3,4,66.71317285
16,5,3,4,76.22505116
16,9,3,4,70.04834525
16,1,3,4,82.57086092
16,14,3,4,90.31730943
16,10,3,4,11.31144666
16,2,3,4,79.68761126
16,15,3,4,91.69839995
19,12,2,4,1.069060713
19,11,2,4,5.105134806
19,13,2,4,3.280980517
19,7,2,4,0.0
19,6,2,4,3.302452152
19,8,2,4,11.0075153
19,4,2,4,0.836644888
19,3,2,4,7.242678118
19,5,2,4,7.957289224
19,9,2,4,5.427048525
19,1,2,4,4.952408524
19,14,2,4,6.244420828
19,10,2,4,0.750246803
19,2,2,4,5.82300352
19,15,2,4,6.214566797
19,12,1,4,0.0
19,11,1,4,3.160193721
19,13,1,4,8.104754995
19,7,1,4,0.0
19,6,1,4,2.004686227
19,8,1,4,6.894237827
19,4,1,4,0.0
19,3,1,4,4.677881799
19,5,1,4,16.33859929
19,9,1,4,3.547951578
19,1,1,4,7.467378263
19,14,1,4,15.10235685
19,10,1,4,0.0
19,2,1,4,6.275458681
19,15,1,4,6.702513015
19,12,3,4,0.299153601
19,11,3,4,6.9479336
19,13,3,4,39.56647024
19,7,3,4,0.0
19,6,3,4,4.988380083
19,8,3,4,39.27719826
19,4,3,4,0.0
19,3,3,4,10.46965924
19,5,3,4,70.2716235
19,9,3,4,13.55922704
19,1,3,4,36.35900481
19,14,3,4,79.01720716
19,10,3,4,0.0
19,2,3,4,14.39054676
19,15,3,4,47.30915738
14,12,2,4,1.831351486
14,11,2,4,9.025273637
14,13,2,4,31.74709006
14,7,2,4,0.0
14,6,2,4,45.98289688
14,8,2,4,46.93920076
14,4,2,4,0.66547915
14,3,2,4,61.80395318
14,5,2,4,68.3339655
14,9,2,4,70.41045785
14,1,2,4,77.6347291
14,14,2,4,79.76966371
14,10,2,4,1.779970363
14,2,2,4,31.49662818
14,15,2,4,70.31871872
14,12,1,4,9.550418032
14,11,1,4,33.30841773
14,13,1,4,34.84480888
14,7,1,4,0.319224301
14,6,1,4,31.39385907
14,8,1,4,35.25588385
14,4,1,4,1.279456438
14,3,1,4,50.41927701
14,5,1,4,57.65452227
14,9,1,4,33.09635306
14,1,1,4,40.91072057
14,14,1,4,46.38749412
14,10,1,4,13.31813914
14,2,1,4,53.12382569
14,15,1,4,57.26273694
14,12,3,4,10.68115857
14,11,3,4,33.95037625
14,13,3,4,47.09445645
14,7,3,4,0.492662711
14,6,3,4,48.41843845
14,8,3,4,50.21013597
14,4,3,4,1.542228309
14,3,3,4,74.39518038
14,5,3,4,76.98654081
14,9,3,4,75.55480498
14,1,3,4,87.36384149
14,14,3,4,86.76065944
14,10,3,4,11.83956232
14,2,3,4,83.80386815
14,15,3,4,92.12702212
11,12,2,4,3.449624718
11,11,2,4,3.932288397
11,13,2,4,5.419599738
11,7,2,4,0.0
11,6,2,4,4.7783658
11,8,2,4,8.071196301
11,4,2,4,0.526967727
11,3,2,4,9.746425367
11,5,2,4,14.43785417
11,9,2,4,8.586375019
11,1,2,4,11.06445724
11,14,2,4,15.42196799
11,10,2,4,2.238996806
11,2,2,4,8.862814974
11,15,2,4,10.8296376
11,12,1,4,0.432282788
11,11,1,4,4.469322068
11,13,1,4,18.53801466
11,7,1,4,0.0
11,6,1,4,3.046255894
11,8,1,4,24.02218457
11,4,1,4,0.0
11,3,1,4,5.605744575
11,5,1,4,39.2434395
11,9,1,4,3.747141461
11,1,1,4,6.703331473
11,14,1,4,17.35228888
11,10,1,4,0.0
11,2,1,4,12.57405954
11,15,1,4,29.29764197
11,12,3,4,6.92498784
11,11,3,4,19.60222309
11,13,3,4,43.94123378
11,7,3,4,1.061200258
11,6,3,4,17.8480573
11,8,3,4,39.0058585
11,4,3,4,2.373221649
11,3,3,4,29.36083658
11,5,3,4,68.1907703
11,9,3,4,29.35743486
11,1,3,4,35.64598437
11,14,3,4,77.54677515
11,10,3,4,7.732563505
11,2,3,4,36.03481726
11,15,3,4,63.99072189
4,12,2,3,0.0
4,11,2,3,0.296524645
4,13,2,3,0.0
4,7,2,3,0.0
4,6,2,3,0.0
4,8,2,3,0.0
4,4,2,3,0.0
4,3,2,3,0.0
4,5,2,3,0.0
4,9,2,3,0.0
4,1,2,3,0.0
4,14,2,3,0.0
4,10,2,3,0.0
4,2,2,3,0.0
4,15,2,3,0.0
4,12,1,3,17.36491347
4,11,1,3,27.46647446
4,13,1,3,34.89767991
4,7,1,3,0.426836265
4,6,1,3,9.912732719
4,8,1,3,21.7977125
4,4,1,3,2.86790041
4,3,1,3,34.68012306
4,5,1,3,42.17741181
4,9,1,3,26.14998957
4,1,1,3,49.4018977
4,14,1,3,40.9724255
4,10,1,3,11.67138777
4,2,1,3,26.55730378
4,15,1,3,38.4179882
4,12,3,3,18.14790513
4,11,3,3,31.22142105
4,13,3,3,45.90521481
4,7,3,3,0.344428756
4,6,3,3,6.408110436
4,8,3,3,15.48048004
4,4,3,3,2.68757234
4,3,3,3,23.14452899
4,5,3,3,50.86354716
4,9,3,3,28.88381703
4,1,3,3,51.52656955
4,14,3,3,59.0740653
4,10,3,3,8.431077782
4,2,3,3,22.07470925
4,15,3,3,34.74690376
5,12,2,3,11.13292009
5,11,2,3,15.0324858
5,13,2,3,14.02259716
5,7,2,3,3.02090007
5,6,2,3,9.070205476
5,8,2,3,6.999679881
5,4,2,3,14.86219247
5,3,2,3,19.33424545
5,5,2,3,12.44362591
5,9,2,3,12.438351
5,1,2,3,18.58444117
5,14,2,3,17.39978172
5,10,2,3,17.22825534
5,2,2,3,8.798104801
5,15,2,3,11.59336493
5,12,1,3,2.550915003
5,11,1,3,9.795326165
5,13,1,3,19.55154349
5,7,1,3,0.0
5,6,1,3,0.602239969
5,8,1,3,2.613234135
5,4,1,3,0.0
5,3,1,3,3.339136515
5,5,1,3,3.546985039
5,9,1,3,10.00194934
5,1,1,3,18.5257144
5,14,1,3,21.49059564
5,10,1,3,1.445871909
5,2,1,3,0.929191796
5,15,1,3,3.66151941
5,12,3,3,10.78337463
5,11,3,3,27.09846988
5,13,3,3,23.3532112
5,7,3,3,0.0
5,6,3,3,5.298016227
5,8,3,3,10.26938874
5,4,3,3,1.52899949
5,3,3,3,19.26994536
5,5,3,3,30.9794262
5,9,3,3,18.83260332
5,1,3,3,28.69582004
5,14,3,3,28.02951353
5,10,3,3,4.247160433
5,2,3,3,18.76658525
5,15,3,3,26.7561311
6,12,2,3,0.522267307
6,11,2,3,0.0
6,13,2,3,0.0
6,7,2,3,0.0
6,6,2,3,0.0
6,8,2,3,0.0
6,4,2,3,0.0
6,3,2,3,0.0
6,5,2,3,0.0
6,9,2,3,0.0
6,1,2,3,0.0
6,14,2,3,0.0
6,10,2,3,0.0
6,2,2,3,0.0
6,15,2,3,0.0
6,12,1,3,0.757519124
6,11,1,3,0.546791384
6,13,1,3,0.70766924
6,7,1,3,0.0
6,6,1,3,0.0
6,8,1,3,1.933202382
6,4,1,3,0.0
6,3,1,3,1.204026973
6,5,1,3,0.602410789
6,9,1,3,0.0
6,1,1,3,1.437346554
6,14,1,3,1.530768374
6,10,1,3,0.0
6,2,1,3,0.0
6,15,1,3,0.027450906
6,12,3,3,16.82018282
6,11,3,3,21.42393699
6,13,3,3,19.15166059
6,7,3,3,0.423167396
6,6,3,3,4.73013199
6,8,3,3,9.35930625
6,4,3,3,3.525705852
6,3,3,3,17.85871647
6,5,3,3,21.48672588
6,9,3,3,7.156167613
6,1,3,3,11.85200713
6,14,3,3,13.49999802
6,10,3,3,4.333466821
6,2,3,3,12.51722888
6,15,3,3,18.54827099
21,12,2,3,16.76617673
21,11,2,3,27.47304315
21,13,2,3,35.89724622
21,7,2,3,0.850358426
21,6,2,3,9.607508599
21,8,2,3,11.82938133
21,4,2,3,8.822068949
21,3,2,3,25.87549138
21,5,2,3,34.29689514
21,9,2,3,17.200701
21,1,2,3,24.04057337
21,14,2,3,23.94536549
21,10,2,3,15.22072074
21,2,2,3,20.45508721
21,15,2,3,28.5480245
21,12,1,3,13.87079949
21,11,1,3,22.22290277
21,13,1,3,26.64038865
21,7,1,3,0.0
21,6,1,3,1.629425083
21,8,1,3,2.128691227
21,4,1,3,2.570236026
21,3,1,3,8.384736601
21,5,1,3,11.20904607
21,9,1,3,6.819997972
21,1,1,3,13.1450619
21,14,1,3,12.68763797
21,10,1,3,3.235819119
21,2,1,3,5.972926182
21,15,1,3,8.041639597
21,12,3,3,18.97711675
21,11,3,3,28.60232004
21,13,3,3,40.27113975
21,7,3,3,0.0
21,6,3,3,1.79441071
21,8,3,3,2.066222749
21,4,3,3,5.163801227
21,3,3,3,11.8907701
21,5,3,3,29.83775681
21,9,3,3,16.58042552
21,1,3,3,26.94242513
21,14,3,3,27.31009438
21,10,3,3,5.543745956
21,2,3,3,10.25341715
21,15,3,3,14.86685885
4,12,2,1,0.0
4,11,2,1,0.0
4,13,2,1,0.0
4,7,2,1,0.0
4,6,2,1,0.801086523
4,8,2,1,2.97427716
4,4,2,1,0.0
4,3,2,1,1.599458738
4,5,2,1,2.601590615
4,9,2,1,3.510094374
4,1,2,1,8.008432112
4,14,2,1,9.011992674
4,10,2,1,0.0
4,2,2,1,0.0
4,15,2,1,1.171055965
4,12,1,1,24.21309665
4,11,1,1,35.9238924
4,13,1,1,35.32665147
4,7,1,1,0.553507484
4,6,1,1,36.52871122
4,8,1,1,40.65115531
4,4,1,1,2.408749938
4,3,1,1,56.8433722
4,5,1,1,58.99233401
4,9,1,1,60.26102193
4,1,1,1,60.25206697
4,14,1,1,63.42879895
4,10,1,1,25.82773903
4,2,1,1,60.28357539
4,15,1,1,61.92858478
4,12,3,1,28.1327933
4,11,3,1,40.09723237
4,13,3,1,48.69500261
4,7,3,1,0.723968187
4,6,3,1,51.38895599
4,8,3,1,56.62080434
4,4,3,1,2.853941347
4,3,3,1,73.31932313
4,5,3,1,74.44046437
4,9,3,1,81.53694628
4,1,3,1,85.40177854
4,14,3,1,88.51390693
4,10,3,1,31.87466664
4,2,3,1,85.8122803
4,15,3,1,83.31333267
5,12,2,1,13.02655322
5,11,2,1,16.09836574
5,13,2,1,15.87410565
5,7,2,1,1.879419954
5,6,2,1,14.85699263
5,8,2,1,19.37897224
5,4,2,1,4.57865157
5,3,2,1,22.0084522
5,5,2,1,22.22340072
5,9,2,1,21.68221926
5,1,2,1,35.06478929
5,14,2,1,30.72459608
5,10,2,1,10.88472418
5,2,2,1,21.37540077
5,15,2,1,23.67114189
5,12,1,1,0.747411772
5,11,1,1,9.794715203
5,13,1,1,23.9717282
5,7,1,1,0.0
5,6,1,1,6.683677134
5,8,1,1,25.46788478
5,4,1,1,0.0
5,3,1,1,14.43583555
5,5,1,1,41.96736477
5,9,1,1,12.36409536
5,1,1,1,33.74087377
5,14,1,1,44.53583158
5,10,1,1,0.0
5,2,1,1,30.43973822
5,15,1,1,39.10680932
5,12,3,1,22.894141
5,11,3,1,27.11496768
5,13,3,1,41.66866973
5,7,3,1,2.863405084
5,6,3,1,21.62255716
5,8,3,1,35.07362546
5,4,3,1,13.56968075
5,3,3,1,44.1778543
5,5,3,1,61.5016932
5,9,3,1,48.36115435
5,1,3,1,61.11611165
5,14,3,1,70.86807008
5,10,3,1,39.35843617
5,2,3,1,54.8424453
5,15,3,1,60.06619639
6,12,2,1,1.009269411
6,11,2,1,5.034974824
6,13,2,1,4.765281768
6,7,2,1,0.359225753
6,6,2,1,4.621114909
6,8,2,1,3.876829723
6,4,2,1,0.400015161
6,3,2,1,5.425616594
6,5,2,1,8.36792795
6,9,2,1,3.451949517
6,1,2,1,4.84059533
6,14,2,1,10.03634536
6,10,2,1,1.309393322
6,2,2,1,2.689766175
6,15,2,1,4.416019864
6,12,1,1,0.0
6,11,1,1,1.785587557
6,13,1,1,3.141934656
6,7,1,1,0.0
6,6,1,1,0.74784749
6,8,1,1,2.732925094
6,4,1,1,0.518126221
6,3,1,1,2.39251025
6,5,1,1,6.363967977
6,9,1,1,1.986478634
6,1,1,1,6.315944702
6,14,1,1,8.140819585
6,10,1,1,0.0
6,2,1,1,2.39840777
6,15,1,1,3.973986769
6,12,3,1,21.36830036
6,11,3,1,21.54675104
6,13,3,1,23.06691402
6,7,3,1,2.720923971
6,6,3,1,15.47495789
6,8,3,1,19.40320705
6,4,3,1,14.32160153
6,3,3,1,28.13311375
6,5,3,1,30.76250124
6,9,3,1,40.21576406
6,1,3,1,46.05681806
6,14,3,1,51.15306518
6,10,3,1,30.05876834
6,2,3,1,30.11566658
6,15,3,1,33.8132368
21,12,2,1,20.05913492
21,11,2,1,34.2208852
21,13,2,1,40.30244069
21,7,2,1,1.194006928
21,6,2,1,27.35092133
21,8,2,1,26.91242644
21,4,2,1,5.628261366
21,3,2,1,51.85571731
21,5,2,1,49.62220517
21,9,2,1,53.94447324
21,1,2,1,65.48767084
21,14,2,1,66.1445595
21,10,2,1,38.1181996
21,2,2,1,64.2716813
21,15,2,1,65.73471929
21,12,1,1,18.75584418
21,11,1,1,28.59018557
21,13,1,1,31.83731475
21,7,1,1,0.707045517
21,6,1,1,13.25145725
21,8,1,1,15.92909866
21,4,1,1,4.064443696
21,3,1,1,32.63137063
21,5,1,1,32.03830806
21,9,1,1,38.03832948
21,1,1,1,50.50908656
21,14,1,1,46.64490818
21,10,1,1,27.15209242
21,2,1,1,46.97084661
21,15,1,1,47.28268345
21,12,3,1,29.17558441
21,11,3,1,36.5598853
21,13,3,1,49.46796695
21,7,3,1,1.858400826
21,6,3,1,31.25713511
21,8,3,1,34.0355551
21,4,3,1,11.31698923
21,3,3,1,62.64758393
21,5,3,1,60.28741502
21,9,3,1,77.39811795
21,1,3,1,83.68183531
21,14,3,1,84.53852223
21,10,3,1,49.15752148
21,2,3,1,76.23035085
21,15,3,1,75.20935081
4,12,2,2,0.0
4,11,2,2,0.0
4,13,2,2,10.5253011
4,7,2,2,0.0
4,6,2,2,0.0
4,8,2,2,2.458138496
4,4,2,2,9.08121194
4,3,2,2,9.636653904
4,5,2,2,10.37235966
4,9,2,2,1.660025621
4,1,2,2,2.145304957
4,14,2,2,27.04583578
4,10,2,2,0.0
4,2,2,2,0.0
4,15,2,2,0.0
4,12,1,2,15.09367159
4,11,1,2,34.51239146
4,13,1,2,35.6149447
4,7,1,2,0.438548426
4,6,1,2,31.2588772
4,8,1,2,34.24307349
4,4,1,2,6.866213056
4,3,1,2,62.44858365
4,5,1,2,65.94190973
4,9,1,2,58.32558385
4,1,1,2,60.47798465
4,14,1,2,63.18914382
4,10,1,2,18.36789148
4,2,1,2,59.7949718
4,15,1,2,64.64035682
4,12,3,2,17.38451108
4,11,3,2,38.46400948
4,13,3,2,51.11682644
4,7,3,2,0.578158424
4,6,3,2,45.97256872
4,8,3,2,47.70226953
4,4,3,2,7.228003443
4,3,3,2,79.8902752
4,5,3,2,80.5818059
4,9,3,2,84.9300227
4,1,3,2,89.419451
4,14,3,2,89.55924552
4,10,3,2,13.66378067
4,2,3,2,86.89971677
4,15,3,2,87.237545
5,12,2,2,11.30133212
5,11,2,2,10.82736056
5,13,2,2,12.11048821
5,7,2,2,1.03540736
5,6,2,2,15.16491224
5,8,2,2,19.46778248
5,4,2,2,8.038113026
5,3,2,2,23.73944169
5,5,2,2,30.46158728
5,9,2,2,24.62070452
5,1,2,2,28.5763008
5,14,2,2,36.14968182
5,10,2,2,13.71916528
5,2,2,2,13.98206369
5,15,2,2,18.13660134
5,12,1,2,0.927604534
5,11,1,2,7.316239252
5,13,1,2,21.43045359
5,7,1,2,0.0
5,6,1,2,3.292807267
5,8,1,2,23.04423411
5,4,1,2,0.0
5,3,1,2,7.479579469
5,5,1,2,39.99701682
5,9,1,2,9.836570629
5,1,1,2,16.26033077
5,14,1,2,36.05690183
5,10,1,2,0.0
5,2,1,2,15.39357697
5,15,1,2,27.6789971
5,12,3,2,20.24596352
5,11,3,2,29.08430143
5,13,3,2,38.79638342
5,7,3,2,0.851812248
5,6,3,2,26.7810647
5,8,3,2,29.42310745
5,4,3,2,7.689322987
5,3,3,2,45.3883139
5,5,3,2,59.85587044
5,9,3,2,49.94868445
5,1,3,2,50.70720641
5,14,3,2,77.95754061
5,10,3,2,15.1222891
5,2,3,2,45.50180654
5,15,3,2,48.17982197
6,12,2,2,1.232632372
6,11,2,2,5.992320527
6,13,2,2,4.022257677
6,7,2,2,0.0
6,6,2,2,3.26158183
6,8,2,2,6.286120839
6,4,2,2,9.606838288
6,3,2,2,13.59760256
6,5,2,2,10.04227922
6,9,2,2,4.444109893
6,1,2,2,2.413308832
6,14,2,2,12.05269157
6,10,2,2,0.0
6,2,2,2,6.360003901
6,15,2,2,6.499222361
6,12,1,2,0.701552228
6,11,1,2,2.069098233
6,13,1,2,3.566410027
6,7,1,2,0.0
6,6,1,2,0.64714493
6,8,1,2,2.042704931
6,4,1,2,0.855112472
6,3,1,2,2.370474153
6,5,1,2,6.026719466
6,9,1,2,0.0
6,1,1,2,1.592422994
6,14,1,2,2.633148758
6,10,1,2,0.0
6,2,1,2,1.73070141
6,15,1,2,2.661542727
6,12,3,2,20.0833829
6,11,3,2,22.43503561
6,13,3,2,22.47082227
6,7,3,2,0.788355769
6,6,3,2,15.37805239
6,8,3,2,15.73387398
6,4,3,2,13.65409275
6,3,3,2,30.87951231
6,5,3,2,33.69627508
6,9,3,2,40.01187418
6,1,3,2,40.89777506
6,14,3,2,44.9389876
6,10,3,2,28.90716664
6,2,3,2,32.16902238
6,15,3,2,33.39106531
21,12,2,2,16.27214516
21,11,2,2,30.61272696
21,13,2,2,42.70251629
21,7,2,2,0.593797719
21,6,2,2,23.1010236
21,8,2,2,29.85245303
21,4,2,2,9.228754169
21,3,2,2,54.9141799
21,5,2,2,59.29246641
21,9,2,2,56.49708288
21,1,2,2,63.56506276
21,14,2,2,68.44214129
21,10,2,2,36.10795647
21,2,2,2,70.74157393
21,15,2,2,73.24639173
21,12,1,2,16.10027076
21,11,1,2,29.89972719
21,13,1,2,33.0062022
21,7,1,2,0.0
21,6,1,2,11.92095297
21,8,1,2,18.20662132
21,4,1,2,9.58087319
21,3,1,2,38.52322666
21,5,1,2,44.01604328
21,9,1,2,36.66758858
21,1,1,2,43.48269562
21,14,1,2,47.63381676
21,10,1,2,24.80297238
21,2,1,2,53.55291415
21,15,1,2,58.6831586
21,12,3,2,22.90680768
21,11,3,2,36.5499256
21,13,3,2,49.30223849
21,7,3,2,0.710304987
21,6,3,2,29.57593303
21,8,3,2,35.50826326
21,4,3,2,13.45243807
21,3,3,2,65.066599
21,5,3,2,69.13479769
21,9,3,2,80.10225068
21,1,3,2,85.13318487
21,14,3,2,89.5987779
21,10,3,2,40.91094026
21,2,3,2,80.00019125
21,15,3,2,83.40919805
4,12,2,4,0.0
4,11,2,4,0.0
4,13,2,4,12.15190247
4,7,2,4,0.0
4,6,2,4,0.0
4,8,2,4,7.843927615
4,4,2,4,0.0
4,3,2,4,1.023181291
4,5,2,4,14.17510686
4,9,2,4,0.0
4,1,2,4,0.0
4,14,2,4,17.5357483
4,10,2,4,0.0
4,2,2,4,0.0
4,15,2,4,16.7720232
4,12,1,4,12.19056007
4,11,1,4,34.43934364
4,13,1,4,36.629676
4,7,1,4,0.406585723
4,6,1,4,33.21564888
4,8,1,4,37.49278178
4,4,1,4,1.161532817
4,3,1,4,50.13324447
4,5,1,4,58.15311301
4,9,1,4,43.94688122
4,1,1,4,46.59177534
4,14,1,4,51.25885662
4,10,1,4,14.93339955
4,2,1,4,55.59012858
4,15,1,4,55.78951841
4,12,3,4,14.51047679
4,11,3,4,38.37909694
4,13,3,4,52.49415636
4,7,3,4,0.786255311
4,6,3,4,47.61178197
4,8,3,4,50.83768511
4,4,3,4,1.226267555
4,3,3,4,75.29152855
4,5,3,4,79.19714754
4,9,3,4,83.03295526
4,1,3,4,93.56409267
4,14,3,4,96.13228316
4,10,3,4,11.53765302
4,2,3,4,89.97416157
4,15,3,4,86.79260178
5,12,2,4,7.257395781
5,11,2,4,9.576264128
5,13,2,4,10.75553549
5,7,2,4,0.613157833
5,6,2,4,10.63604029
5,8,2,4,14.35852859
5,4,2,4,1.582170389
5,3,2,4,13.89350209
5,5,2,4,23.26106265
5,9,2,4,15.64688259
5,1,2,4,16.4099085
5,14,2,4,23.02454867
5,10,2,4,7.488530825
5,2,2,4,12.60415393
5,15,2,4,14.36942688
5,12,1,4,0.0
5,11,1,4,3.835722246
5,13,1,4,13.98397961
5,7,1,4,0.0
5,6,1,4,1.520182439
5,8,1,4,16.00671459
5,4,1,4,0.0
5,3,1,4,3.744544243
5,5,1,4,27.85496925
5,9,1,4,3.964447459
5,1,1,4,6.168096918
5,14,1,4,14.42398425
5,10,1,4,0.0
5,2,1,4,7.466671245
5,15,1,4,17.36013023
5,12,3,4,5.889073661
5,11,3,4,27.06341711
5,13,3,4,34.65614692
5,7,3,4,0.0
5,6,3,4,24.41645938
5,8,3,4,25.12838943
5,4,3,4,0.954745242
5,3,3,4,43.35191306
5,5,3,4,51.5902696
5,9,3,4,48.18783868
5,1,3,4,49.14544471
5,14,3,4,63.351286
5,10,3,4,3.647451971
5,2,3,4,43.17813797
5,15,3,4,47.34357171
6,12,2,4,0.698318685
6,11,2,4,2.97486192
6,13,2,4,3.10979023
6,7,2,4,0.0
6,6,2,4,0.489044772
6,8,2,4,4.88514688
6,4,2,4,0.0
6,3,2,4,1.305562617
6,5,2,4,6.931862367
6,9,2,4,0.0
6,1,2,4,0.0
6,14,2,4,6.151237345
6,10,2,4,0.0
6,2,2,4,2.42482932
6,15,2,4,7.121202503
6,12,1,4,0.0
6,11,1,4,1.12036933
6,13,1,4,1.896181594
6,7,1,4,0.0
6,6,1,4,0.0
6,8,1,4,0.974444275
6,4,1,4,0.0
6,3,1,4,0.9560868
6,5,1,4,2.600006823
6,9,1,4,0.0
6,1,1,4,0.0
6,14,1,4,0.0
6,10,1,4,0.0
6,2,1,4,0.0
6,15,1,4,1.40959558
6,12,3,4,17.87933698
6,11,3,4,24.40165539
6,13,3,4,24.45376754
6,7,3,4,1.682541771
6,6,3,4,18.44134196
6,8,3,4,18.87491239
6,4,3,4,6.949971836
6,3,3,4,30.37188127
6,5,3,4,33.47151562
6,9,3,4,34.48220577
6,1,3,4,35.36016156
6,14,3,4,35.68280094
6,10,3,4,18.37316337
6,2,3,4,27.82910373
6,15,3,4,37.08543096
21,12,2,4,8.62455294
21,11,2,4,14.26125924
21,13,2,4,28.49871025
21,7,2,4,0.538585368
21,6,2,4,13.34881918
21,8,2,4,28.28230111
21,4,2,4,1.999177844
21,3,2,4,27.16016891
21,5,2,4,50.52138402
21,9,2,4,20.00288675
21,1,2,4,25.99050807
21,14,2,4,40.32898976
21,10,2,4,13.34689497
21,2,2,4,40.63647217
21,15,2,4,74.04736649
21,12,1,4,5.195732957
21,11,1,4,19.31180946
21,13,1,4,30.77223842
21,7,1,4,0.0
21,6,1,4,11.75749506
21,8,1,4,23.34747951
21,4,1,4,1.039903259
21,3,1,4,28.39783953
21,5,1,4,39.89470015
21,9,1,4,13.79100096
21,1,1,4,19.53099508
21,14,1,4,26.8708629
21,10,1,4,9.3964628
21,2,1,4,40.58293806
21,15,1,4,52.66349061
21,12,3,4,15.85078385
21,11,3,4,32.88980878
21,13,3,4,47.13760632
21,7,3,4,0.707254592
21,6,3,4,32.71728338
21,8,3,4,41.68551837
21,4,3,4,1.753987647
21,3,3,4,54.56471519
21,5,3,4,68.58213231
21,9,3,4,60.52865164
21,1,3,4,67.75052852
21,14,3,4,80.80959568
21,10,3,4,6.777260235
21,2,3,4,48.77228165
21,15,3,4,74.51133845
8,12,2,3,24.10905766
8,11,2,3,32.87780619
8,13,2,3,43.39942952
8,7,2,3,1.221284135
8,6,2,3,25.1779767
8,8,2,3,32.37253744
8,4,2,3,7.676008537
8,3,2,3,60.41732712
8,5,2,3,64.50667156
8,9,2,3,36.55522639
8,1,2,3,46.64960106
8,14,2,3,47.85301388
8,10,2,3,21.44960942
8,2,2,3,27.71714775
8,15,2,3,52.2237426
8,12,1,3,15.42545497
8,11,1,3,30.08596307
8,13,1,3,35.8368136
8,7,1,3,0.0
8,6,1,3,11.6535106
8,8,1,3,17.02843498
8,4,1,3,1.188847918
8,3,1,3,32.40012299
8,5,1,3,27.27757284
8,9,1,3,24.95662893
8,1,1,3,45.54864618
8,14,1,3,42.79858664
8,10,1,3,8.905135224
8,2,1,3,18.1199602
8,15,1,3,27.22195897
8,12,3,3,8.286467695
8,11,3,3,22.46669781
8,13,3,3,37.70168941
8,7,3,3,0.0
8,6,3,3,8.034140762
8,8,3,3,20.18480169
8,4,3,3,0.662349524
8,3,3,3,21.77773542
8,5,3,3,53.28001638
8,9,3,3,23.90935743
8,1,3,3,47.15771685
8,14,3,3,62.53548833
8,10,3,3,4.577603745
8,2,3,3,21.19444726
8,15,3,3,42.00065126
12,12,2,3,18.40035471
12,11,2,3,16.25238798
12,13,2,3,42.71521565
12,7,2,3,0.0
12,6,2,3,39.12148383
12,8,2,3,47.59873076
12,4,2,3,3.597789888
12,3,2,3,69.98737297
12,5,2,3,70.05483344
12,9,2,3,20.97581455
12,1,2,3,23.18775097
12,14,2,3,22.00500964
12,10,2,3,18.04784884
12,2,2,3,23.57347354
12,15,2,3,81.35759178
12,12,1,3,14.75153907
12,11,1,3,31.62416369
12,13,1,3,37.39576088
12,7,1,3,0.448085745
12,6,1,3,13.27473408
12,8,1,3,17.72318391
12,4,1,3,3.418730848
12,3,1,3,25.1224442
12,5,1,3,30.07190595
12,9,1,3,22.54874195
12,1,1,3,36.80117668
12,14,1,3,42.20791273
12,10,1,3,8.748271213
12,2,1,3,19.13281286
12,15,1,3,27.47497093
12,12,3,3,9.361658454
12,11,3,3,22.12521071
12,13,3,3,38.83428513
12,7,3,3,0.0
12,6,3,3,9.540244592
12,8,3,3,21.41511712
12,4,3,3,2.217163117
12,3,3,3,25.83582864
12,5,3,3,53.84533811
12,9,3,3,25.36847762
12,1,3,3,50.91041247
12,14,3,3,62.69909879
12,10,3,3,5.005508734
12,2,3,3,24.92895829
12,15,3,3,43.08223061
1,12,2,3,26.47105008
1,11,2,3,15.00790512
1,13,2,3,40.67066673
1,7,2,3,10.03471889
1,6,2,3,44.50757189
1,8,2,3,50.81226991
1,4,2,3,13.26153778
1,3,2,3,66.43295508
1,5,2,3,69.21564786
1,9,2,3,16.47592229
1,1,2,3,19.59466142
1,14,2,3,19.12358264
1,10,2,3,37.0158274
1,2,2,3,10.02539168
1,15,2,3,41.01536377
1,12,1,3,17.88950545
1,11,1,3,30.84474943
1,13,1,3,42.94679968
1,7,1,3,39.22831543
1,6,1,3,47.13740479
1,8,1,3,49.46765787
1,4,1,3,6.262930072
1,3,1,3,24.92429214
1,5,1,3,29.29928272
1,9,1,3,26.0695387
1,1,1,3,40.32928262
1,14,1,3,46.57912629
1,10,1,3,10.87603871
1,2,1,3,19.12422917
1,15,1,3,30.41179661
1,12,3,3,12.69227905
1,11,3,3,24.01338043
1,13,3,3,38.95047983
1,7,3,3,38.99137319
1,6,3,3,45.82883908
1,8,3,3,50.09626002
1,4,3,3,5.967393026
1,3,3,3,28.83921229
1,5,3,3,55.76912496
1,9,3,3,27.19452945
1,1,3,3,55.41075316
1,14,3,3,64.88423444
1,10,3,3,7.65708472
1,2,3,3,24.91728565
1,15,3,3,43.47281583
9,12,2,3,6.618305452
9,11,2,3,19.22189421
9,13,2,3,38.88169758
9,7,2,3,0.0
9,6,2,3,8.123761297
9,8,2,3,9.226197008
9,4,2,3,0.340410651
9,3,2,3,32.95642094
9,5,2,3,47.36333704
9,9,2,3,24.01631717
9,1,2,3,30.07960625
9,14,2,3,29.79340439
9,10,2,3,3.169099331
9,2,2,3,18.20970217
9,15,2,3,28.27747642
9,12,1,3,9.330486935
9,11,1,3,24.08891574
9,13,1,3,26.99117029
9,7,1,3,0.0
9,6,1,3,7.405890223
9,8,1,3,8.430071853
9,4,1,3,0.72962294
9,3,1,3,20.3250042
9,5,1,3,20.51920273
9,9,1,3,21.60400316
9,1,1,3,30.2871506
9,14,1,3,38.85520908
9,10,1,3,4.143900161
9,2,1,3,16.01570816
9,15,1,3,19.48013153
9,12,3,3,5.982836529
9,11,3,3,19.02499104
9,13,3,3,34.0336157
9,7,3,3,0.0
9,6,3,3,4.698019536
9,8,3,3,8.109204436
9,4,3,3,0.94272788
9,3,3,3,17.29489164
9,5,3,3,38.16631108
9,9,3,3,25.48313253
9,1,3,3,49.96376516
9,14,3,3,54.07334238
9,10,3,3,3.609434473
9,2,3,3,16.57162393
9,15,3,3,32.51941474
8,12,2,1,24.17024028
8,11,2,1,35.80552258
8,13,2,1,40.2947746
8,7,2,1,3.120933892
8,6,2,1,42.30149711
8,8,2,1,40.31193463
8,4,2,1,10.90397812
8,3,2,1,61.05645885
8,5,2,1,64.44051661
8,9,2,1,70.14701034
8,1,2,1,70.25926715
8,14,2,1,73.95050649
8,10,2,1,27.32089436
8,2,2,1,72.8784855
8,15,2,1,74.62339174
8,12,1,1,21.83853262
8,11,1,1,34.89766998
8,13,1,1,40.40712226
8,7,1,1,0.339942053
8,6,1,1,37.12675544
8,8,1,1,34.27058432
8,4,1,1,1.358946967
8,3,1,1,57.33300234
8,5,1,1,64.45105489
8,9,1,1,61.13755675
8,1,1,1,70.67829218
8,14,1,1,58.46064001
8,10,1,1,21.26152094
8,2,1,1,61.01774399
8,15,1,1,68.67316565
8,12,3,1,24.48223218
8,11,3,1,38.35488356
8,13,3,1,42.68462411
8,7,3,1,0.399824711
8,6,3,1,47.37471195
8,8,3,1,42.52654707
8,4,3,1,1.442502721
8,3,3,1,67.97015702
8,5,3,1,67.99152053
8,9,3,1,83.17489955
8,1,3,1,81.27460019
8,14,3,1,84.68245385
8,10,3,1,23.79770547
8,2,3,1,79.51166554
8,15,3,1,79.64252926
12,12,2,1,31.73318055
12,11,2,1,33.92093167
12,13,2,1,38.41251828
12,7,2,1,1.277604509
12,6,2,1,46.04956103
12,8,2,1,43.335395
12,4,2,1,9.850315112
12,3,2,1,63.8388463
12,5,2,1,64.60187181
12,9,2,1,54.53336611
12,1,2,1,55.70352222
12,14,2,1,57.7580975
12,10,2,1,51.9557832
12,2,2,1,71.32414041
12,15,2,1,78.36249844
12,12,1,1,31.26129694
12,11,1,1,38.72175402
12,13,1,1,36.57290373
12,7,1,1,0.719285108
12,6,1,1,36.22635154
12,8,1,1,33.94655387
12,4,1,1,3.373624056
12,3,1,1,54.46826622
12,5,1,1,62.7905956
12,9,1,1,66.11270607
12,1,1,1,66.35401825
12,14,1,1,65.50261834
12,10,1,1,33.03335054
12,2,1,1,65.91039362
12,15,1,1,67.31022474
12,12,3,1,33.9312366
12,11,3,1,40.60161129
12,13,3,1,42.25144884
12,7,3,1,1.152603634
12,6,3,1,46.21141257
12,8,3,1,44.40779423
12,4,3,1,3.864236463
12,3,3,1,69.25619095
12,5,3,1,68.71737558
12,9,3,1,82.51131881
12,1,3,1,84.42429873
12,14,3,1,83.82528245
12,10,3,1,33.61928283
12,2,3,1,76.73725946
12,15,3,1,78.2529931
1,12,2,1,33.44709826
1,11,2,1,36.56526068
1,13,2,1,39.55792883
1,7,2,1,8.38964842
1,6,2,1,65.92742304
1,8,2,1,63.53284655
1,4,2,1,9.771808987
1,3,2,1,64.80559966
1,5,2,1,63.41514905
1,9,2,1,62.46560879
1,1,2,1,64.57811697
1,14,2,1,63.222267
1,10,2,1,65.3367146
1,2,2,1,72.70586315
1,15,2,1,76.79526891
1,12,1,1,33.27025402
1,11,1,1,39.35320613
1,13,1,1,39.02512557
1,7,1,1,41.03794598
1,6,1,1,57.95486785
1,8,1,1,52.14546944
1,4,1,1,5.06261629
1,3,1,1,57.19204969
1,5,1,1,59.81582481
1,9,1,1,62.39976577
1,1,1,1,66.50686069
1,14,1,1,62.22086343
1,10,1,1,37.522573
1,2,1,1,60.65973957
1,15,1,1,65.9488999
1,12,3,1,37.07516302
1,11,3,1,39.89366621
1,13,3,1,41.55598689
1,7,3,1,42.0580413
1,6,3,1,66.26538653
1,8,3,1,56.80622374
1,4,3,1,5.460903942
1,3,3,1,69.07936453
1,5,3,1,67.52036403
1,9,3,1,84.81458604
1,1,3,1,83.82537223
1,14,3,1,85.99469652
1,10,3,1,45.19876304
1,2,3,1,78.63353277
1,15,3,1,81.63071985
9,12,2,1,17.50108516
9,11,2,1,38.94339394
9,13,2,1,40.11142329
9,7,2,1,0.0
9,6,2,1,42.74477554
9,8,2,1,44.8781348
9,4,2,1,0.649110542
9,3,2,1,65.57301901
9,5,2,1,66.67600965
9,9,2,1,70.24905586
9,1,2,1,69.97972982
9,14,2,1,75.73582011
9,10,2,1,8.776630533
9,2,2,1,74.07785582
9,15,2,1,75.28558302
9,12,1,1,12.26279814
9,11,1,1,37.31441052
9,13,1,1,36.58867026
9,7,1,1,0.0
9,6,1,1,38.66523027
9,8,1,1,31.57364304
9,4,1,1,0.638545637
9,3,1,1,57.71086681
9,5,1,1,59.93143231
9,9,1,1,61.82340519
9,1,1,1,71.09717455
9,14,1,1,59.66718586
9,10,1,1,6.768064781
9,2,1,1,63.07769687
9,15,1,1,68.10761052
9,12,3,1,12.21708819
9,11,3,1,40.36775448
9,13,3,1,42.68363634
9,7,3,1,0.0
9,6,3,1,47.71503964
9,8,3,1,44.37252425
9,4,3,1,0.609947969
9,3,3,1,70.19925962
9,5,3,1,65.42133393
9,9,3,1,84.64975432
9,1,3,1,83.38501147
9,14,3,1,86.49714531
9,10,3,1,0.0
9,2,3,1,78.00288409
9,15,3,1,79.34654649
8,12,2,2,7.147036958
8,11,2,2,28.25277351
8,13,2,2,34.79607292
8,7,2,2,0.471327258
8,6,2,2,38.40946204
8,8,2,2,42.82874785
8,4,2,2,6.975926865
8,3,2,2,54.39040243
8,5,2,2,68.43167679
8,9,2,2,70.51359377
8,1,2,2,72.16100406
8,14,2,2,78.28452045
8,10,2,2,6.877576478
8,2,2,2,47.63735715
8,15,2,2,52.16406686
8,12,1,2,3.849200649
8,11,1,2,35.33279168
8,13,1,2,37.62624076
8,7,1,2,0.0
8,6,1,2,25.94389985
8,8,1,2,42.12607272
8,4,1,2,3.554195282
8,3,1,2,50.4472159
8,5,1,2,62.03548199
8,9,1,2,55.58164705
8,1,1,2,56.60877307
8,14,1,2,69.52780108
8,10,1,2,2.790822418
8,2,1,2,55.60412419
8,15,1,2,65.50667277
8,12,3,2,3.638207936
8,11,3,2,35.20060583
8,13,3,2,40.48594286
8,7,3,2,0.0
8,6,3,2,31.9378098
8,8,3,2,49.97942971
8,4,3,2,4.04132523
8,3,3,2,55.23935567
8,5,3,2,71.83207772
8,9,3,2,71.00136701
8,1,3,2,80.78104004
8,14,3,2,91.13914928
8,10,3,2,2.354282195
8,2,3,2,72.70181754
8,15,3,2,81.99763098
12,12,2,2,1.222906926
12,11,2,2,24.60563466
12,13,2,2,33.55651029
12,7,2,2,0.0
12,6,2,2,46.67086698
12,8,2,2,49.72808893
12,4,2,2,7.810317963
12,3,2,2,64.56169067
12,5,2,2,69.13688603
12,9,2,2,80.28534176
12,1,2,2,77.62777181
12,14,2,2,82.33244396
12,10,2,2,0.0
12,2,2,2,35.33291059
12,15,2,2,55.96628365
12,12,1,2,13.70204119
12,11,1,2,37.08529427
12,13,1,2,36.0162633
12,7,1,2,0.0
12,6,1,2,34.74723042
12,8,1,2,40.08752213
12,4,1,2,4.7108856
12,3,1,2,59.00727735
12,5,1,2,60.61766338
12,9,1,2,56.33395035
12,1,1,2,60.94658978
12,14,1,2,63.37225968
12,10,1,2,8.39178019
12,2,1,2,56.79309437
12,15,1,2,61.57150807
12,12,3,2,11.32681683
12,11,3,2,38.5374711
12,13,3,2,41.728023
12,7,3,2,0.0
12,6,3,2,46.19860459
12,8,3,2,49.53018855
12,4,3,2,4.961974313
12,3,3,2,70.7141131
12,5,3,2,71.82751675
12,9,3,2,86.6996801
12,1,3,2,84.33974431
12,14,3,2,89.12987666
12,10,3,2,6.458217991
12,2,3,2,76.47373216
12,15,3,2,83.59935968
1,12,2,2,14.29478531
1,11,2,2,28.32846401
1,13,2,2,36.31466019
1,7,2,2,7.206982067
1,6,2,2,57.87284649
1,8,2,2,60.98476598
1,4,2,2,9.444894792
1,3,2,2,65.10791868
1,5,2,2,72.37220718
1,9,2,2,78.76794462
1,1,2,2,77.82985513
1,14,2,2,79.30639259
1,10,2,2,6.010382761
1,2,2,2,37.26514805
1,15,2,2,54.37431586
1,12,1,2,27.94500953
1,11,1,2,36.81475234
1,13,1,2,36.76661903
1,7,1,2,39.97323526
1,6,1,2,57.13220837
1,8,1,2,60.30536067
1,4,1,2,7.74850436
1,3,1,2,57.9781308
1,5,1,2,66.51493362
1,9,1,2,58.92871095
1,1,1,2,59.21092574
1,14,1,2,60.412252
1,10,1,2,32.73462184
1,2,1,2,59.47851607
1,15,1,2,64.00575958
1,12,3,2,29.60669897
1,11,3,2,38.03109863
1,13,3,2,41.71330917
1,7,3,2,41.98383636
1,6,3,2,67.81431274
1,8,3,2,65.94429183
1,4,3,2,12.64243358
1,3,3,2,74.21032846
1,5,3,2,75.06056887
1,9,3,2,90.99050642
1,1,3,2,84.34096533
1,14,3,2,88.72522624
1,10,3,2,36.05104123
1,2,3,2,77.2841534
1,15,3,2,85.60572483
9,12,2,2,1.637827855
9,11,2,2,27.00233561
9,13,2,2,31.38632484
9,7,2,2,0.0
9,6,2,2,38.20230031
9,8,2,2,39.32745332
9,4,2,2,4.950264204
9,3,2,2,63.52683766
9,5,2,2,64.23525691
9,9,2,2,75.99606764
9,1,2,2,73.60085469
9,14,2,2,77.54678733
9,10,2,2,0.970209889
9,2,2,2,45.30338681
9,15,2,2,49.87050942
9,12,1,2,5.265059572
9,11,1,2,36.39098731
9,13,1,2,36.44138063
9,7,1,2,0.0
9,6,1,2,35.28694368
9,8,1,2,42.09555031
9,4,1,2,3.678633066
9,3,1,2,50.63065751
9,5,1,2,61.65083258
9,9,1,2,52.72286451
9,1,1,2,62.07451283
9,14,1,2,61.80067802
9,10,1,2,3.035900596
9,2,1,2,58.2347243
9,15,1,2,66.48281999
9,12,3,2,4.477162725
9,11,3,2,37.34827699
9,13,3,2,41.73289196
9,7,3,2,0.0
9,6,3,2,37.72387007
9,8,3,2,49.04564688
9,4,3,2,4.390150349
9,3,3,2,57.96795904
9,5,3,2,73.57415684
9,9,3,2,74.69880742
9,1,3,2,87.52908706
9,14,3,2,89.61417594
9,10,3,2,2.405254053
9,2,3,2,77.09161451
9,15,3,2,83.01646677
8,12,2,4,6.891124522
8,11,2,4,24.99527669
8,13,2,4,37.54624547
8,7,2,4,0.706381042
8,6,2,4,42.52691913
8,8,2,4,47.95299992
8,4,2,4,2.294941324
8,3,2,4,62.78571552
8,5,2,4,69.97034068
8,9,2,4,74.06067797
8,1,2,4,77.51023369
8,14,2,4,80.90631241
8,10,2,4,8.332944957
8,2,2,4,47.89881593
8,15,2,4,61.03423565
8,12,1,4,3.42165598
8,11,1,4,26.24845362
8,13,1,4,39.43512545
8,7,1,4,0.0
8,6,1,4,23.50114845
8,8,1,4,39.99682926
8,4,1,4,0.695599064
8,3,1,4,39.03126202
8,5,1,4,61.69857953
8,9,1,4,27.69709095
8,1,1,4,36.62142901
8,14,1,4,45.52130306
8,10,1,4,2.782548169
8,2,1,4,53.27735781
8,15,1,4,64.8702395
8,12,3,4,3.382805594
8,11,3,4,31.53029931
8,13,3,4,45.77926691
8,7,3,4,0.0
8,6,3,4,32.33228249
8,8,3,4,49.75811265
8,4,3,4,0.665471445
8,3,3,4,50.28049867
8,5,3,4,75.02467082
8,9,3,4,52.59936901
8,1,3,4,74.31911492
8,14,3,4,92.11972779
8,10,3,4,2.135901423
8,2,3,4,64.185973
8,15,3,4,85.22067267
12,12,2,4,0.552049908
12,11,2,4,15.46929664
12,13,2,4,29.68665622
12,7,2,4,0.0
12,6,2,4,42.07740888
12,8,2,4,50.20384511
12,4,2,4,0.0
12,3,2,4,63.12102891
12,5,2,4,67.79255716
12,9,2,4,74.22961906
12,1,2,4,75.06901133
12,14,2,4,83.08232968
12,10,2,4,0.0
12,2,2,4,22.62644976
12,15,2,4,62.72600186
12,12,1,4,8.178111662
12,11,1,4,33.60174029
12,13,1,4,39.12761896
12,7,1,4,0.0
12,6,1,4,32.36655355
12,8,1,4,40.59375347
12,4,1,4,0.817066768
12,3,1,4,50.58160419
12,5,1,4,63.72449893
12,9,1,4,33.94683682
12,1,1,4,41.28086675
12,14,1,4,47.58772845
12,10,1,4,5.956665819
12,2,1,4,57.2826498
12,15,1,4,64.80074025
12,12,3,4,7.126598878
12,11,3,4,37.93567028
12,13,3,4,45.20399384
12,7,3,4,0.0
12,6,3,4,41.28466002
12,8,3,4,49.61017751
12,4,3,4,0.789038452
12,3,3,4,63.68559531
12,5,3,4,73.08177999
12,9,3,4,72.98033012
12,1,3,4,82.64502167
12,14,3,4,90.64441503
12,10,3,4,4.936303419
12,2,3,4,73.81395251
12,15,3,4,82.20776042
1,12,2,4,4.618730656
1,11,2,4,15.74680272
1,13,2,4,30.87761179
1,7,2,4,6.970567232
1,6,2,4,65.46891846
1,8,2,4,66.01585424
1,4,2,4,2.350274713
1,3,2,4,70.85918563
1,5,2,4,68.53030279
1,9,2,4,76.3099624
1,1,2,4,75.95426954
1,14,2,4,82.34937004
1,10,2,4,4.974394565
1,2,2,4,25.79072036
1,15,2,4,62.08187356
1,12,1,4,19.16223306
1,11,1,4,35.94447354
1,13,1,4,37.90012178
1,7,1,4,41.26452613
1,6,1,4,59.06928985
1,8,1,4,59.60099255
1,4,1,4,2.42184546
1,3,1,4,58.63301817
1,5,1,4,63.99950596
1,9,1,4,34.05189508
1,1,1,4,41.4297554
1,14,1,4,47.77426479
1,10,1,4,20.34813867
1,2,1,4,60.49224443
1,15,1,4,63.88080478
1,12,3,4,21.60119174
1,11,3,4,38.59563351
1,13,3,4,44.68109157
1,7,3,4,44.14137034
1,6,3,4,66.81498604
1,8,3,4,68.2481271
1,4,3,4,2.579355469
1,3,3,4,74.1058241
1,5,3,4,72.8478499
1,9,3,4,89.07661609
1,1,3,4,85.65923047
1,14,3,4,94.15173815
1,10,3,4,24.93961347
1,2,3,4,80.0652435
1,15,3,4,86.19820374
9,12,2,4,1.252505333
9,11,2,4,16.04849725
9,13,2,4,30.7124479
9,7,2,4,0.0
9,6,2,4,0.0
9,8,2,4,43.09475613
9,4,2,4,0.0
9,3,2,4,47.34816594
9,5,2,4,64.24887053
9,9,2,4,57.59970402
9,1,2,4,64.01092118
9,14,2,4,72.26820117
9,10,2,4,0.868429678
9,2,2,4,42.09636278
9,15,2,4,50.25936964
9,12,1,4,2.443106533
9,11,1,4,28.78693437
9,13,1,4,34.85762141
9,7,1,4,0.0
9,6,1,4,20.89901676
9,8,1,4,36.0742325
9,4,1,4,0.489724505
9,3,1,4,37.99056967
9,5,1,4,56.47944581
9,9,1,4,26.8260429
9,1,1,4,36.10071383
9,14,1,4,46.52870973
9,10,1,4,1.470956156
9,2,1,4,0.0
9,15,1,4,57.24624739
9,12,3,4,2.103607287
9,11,3,4,29.62604669
9,13,3,4,40.21154517
9,7,3,4,0.0
9,6,3,4,23.916357
9,8,3,4,44.44845486
9,4,3,4,0.490842961
9,3,3,4,39.51845686
9,5,3,4,69.71995068
9,9,3,4,47.18415816
9,1,3,4,65.99016493
9,14,3,4,87.94083651
9,10,3,4,1.573799128
9,2,3,4,61.50487524
9,15,3,4,83.95560608
17,12,2,3,13.9614152
17,11,2,3,15.08609068
17,13,2,3,15.9216391
17,7,2,3,2.548391087
17,6,2,3,8.641168314
17,8,2,3,6.654637209
17,4,2,3,7.713999512
17,3,2,3,14.7618925
17,5,2,3,16.70711364
17,9,2,3,12.25099464
17,1,2,3,16.43551115
17,14,2,3,17.06361217
17,10,2,3,12.13886151
17,2,2,3,10.08173564
17,15,2,3,12.79205877
17,12,1,3,11.31960299
17,11,1,3,22.30541273
17,13,1,3,25.45694196
17,7,1,3,0.0
17,6,1,3,2.840028013
17,8,1,3,4.296191189
17,4,1,3,1.896990139
17,3,1,3,9.250516466
17,5,1,3,13.02243467
17,9,1,3,15.10135263
17,1,1,3,24.44251918
17,14,1,3,26.61192771
17,10,1,3,2.419663487
17,2,1,3,6.251282484
17,15,1,3,12.75397423
17,12,3,3,13.18136791
17,11,3,3,22.67787637
17,13,3,3,24.0555231
17,7,3,3,0.0
17,6,3,3,2.373234972
17,8,3,3,5.371995824
17,4,3,3,2.067024275
17,3,3,3,9.241578451
17,5,3,3,20.36311527
17,9,3,3,14.60964787
17,1,3,3,28.7617291
17,14,3,3,23.20886991
17,10,3,3,3.338911929
17,2,3,3,11.07544016
17,15,3,3,16.38360507
2,12,2,3,8.599290828
2,11,2,3,8.073391293
2,13,2,3,8.373801377
2,7,2,3,2.086409943
2,6,2,3,3.898269895
2,8,2,3,2.819747326
2,4,2,3,9.734031055
2,3,2,3,14.02250347
2,5,2,3,13.30215474
2,9,2,3,11.84842444
2,1,2,3,12.48722349
2,14,2,3,13.26217146
2,10,2,3,7.007309831
2,2,2,3,3.803167764
2,15,2,3,9.3396983
2,12,1,3,2.828738971
2,11,1,3,11.73173458
2,13,1,3,32.01377764
2,7,1,3,0.0
2,6,1,3,0.597123544
2,8,1,3,1.624624313
2,4,1,3,1.378417368
2,3,1,3,5.748911263
2,5,1,3,15.88279637
2,9,1,3,15.03293541
2,1,1,3,36.25474039
2,14,1,3,40.83653695
2,10,1,3,0.0
2,2,1,3,3.383758574
2,15,1,3,9.091321628
2,12,3,3,1.249008464
2,11,3,3,7.593500734
2,13,3,3,23.19251783
2,7,3,3,0.0
2,6,3,3,0.0
2,8,3,3,0.0
2,4,3,3,0.0
2,3,3,3,3.304153664
2,5,3,3,4.972241085
2,9,3,3,11.6539798
2,1,3,3,23.14100825
2,14,3,3,30.73323241
2,10,3,3,0.0
2,2,3,3,0.0
2,15,3,3,0.0
15,12,2,3,25.79234273
15,11,2,3,21.1852936
15,13,2,3,41.0055284
15,7,2,3,1.426630798
15,6,2,3,41.22664286
15,8,2,3,47.37967992
15,4,2,3,11.25218088
15,3,2,3,66.85183325
15,5,2,3,67.69619533
15,9,2,3,18.57739993
15,1,2,3,22.20180478
15,14,2,3,22.35512226
15,10,2,3,38.7528241
15,2,2,3,24.97274403
15,15,2,3,75.11548375
15,12,1,3,19.41980511
15,11,1,3,32.07542073
15,13,1,3,34.52065187
15,7,1,3,2.069142775
15,6,1,3,14.42253285
15,8,1,3,22.92734992
15,4,1,3,5.821778044
15,3,1,3,33.78601477
15,5,1,3,37.39742705
15,9,1,3,26.66040937
15,1,1,3,44.30153891
15,14,1,3,44.76424476
15,10,1,3,12.63535619
15,2,1,3,32.89151252
15,15,1,3,41.00150742
15,12,3,3,19.39344332
15,11,3,3,31.15934188
15,13,3,3,38.74519603
15,7,3,3,1.798923194
15,6,3,3,9.508784567
15,8,3,3,17.33987768
15,4,3,3,5.235495595
15,3,3,3,28.74353219
15,5,3,3,53.88645108
15,9,3,3,27.32636453
15,1,3,3,52.36462009
15,14,3,3,62.64059826
15,10,3,3,7.71156711
15,2,3,3,25.62052054
15,15,3,3,43.30658798
10,12,2,3,6.70191803
10,11,2,3,15.721696
10,13,2,3,32.03839032
10,7,2,3,0.0
10,6,2,3,5.529906697
10,8,2,3,6.840870887
10,4,2,3,0.566845941
10,3,2,3,22.16483544
10,5,2,3,31.41749034
10,9,2,3,22.29411196
10,1,2,3,31.22952549
10,14,2,3,31.17670784
10,10,2,3,3.037744154
10,2,2,3,13.63572226
10,15,2,3,21.33105034
10,12,1,3,10.4860128
10,11,1,3,26.29886063
10,13,1,3,23.69345333
10,7,1,3,0.0
10,6,1,3,6.730455291
10,8,1,3,13.41857273
10,4,1,3,1.036456102
10,3,1,3,22.99620882
10,5,1,3,37.021541
10,9,1,3,22.69659515
10,1,1,3,37.46429839
10,14,1,3,39.38981845
10,10,1,3,4.58213428
10,2,1,3,22.70660834
10,15,1,3,33.31806917
10,12,3,3,7.343376414
10,11,3,3,26.03173318
10,13,3,3,36.25454831
10,7,3,3,0.0
10,6,3,3,4.191040534
10,8,3,3,6.114675165
10,4,3,3,0.884950948
10,3,3,3,16.69067663
10,5,3,3,31.26628393
10,9,3,3,24.66006055
10,1,3,3,45.98390905
10,14,3,3,52.56128921
10,10,3,3,3.35256921
10,2,3,3,15.35819367
10,15,3,3,29.91552733
17,12,2,1,13.16893511
17,11,2,1,16.79477369
17,13,2,1,16.24533971
17,7,2,1,2.118660091
17,6,2,1,15.85894672
17,8,2,1,15.94900479
17,4,2,1,7.108204477
17,3,2,1,24.76005147
17,5,2,1,28.11243479
17,9,2,1,27.24876847
17,1,2,1,31.76624566
17,14,2,1,37.29673945
17,10,2,1,16.87891597
17,2,2,1,22.41656552
17,15,2,1,23.46293461
17,12,1,1,9.295516532
17,11,1,1,35.04870846
17,13,1,1,35.39709887
17,7,1,1,0.0
17,6,1,1,34.88973455
17,8,1,1,35.68810141
17,4,1,1,1.257407502
17,3,1,1,55.96431027
17,5,1,1,59.93053961
17,9,1,1,56.99401844
17,1,1,1,63.00725217
17,14,1,1,59.18255708
17,10,1,1,7.66652575
17,2,1,1,54.77135423
17,15,1,1,62.18465229
17,12,3,1,17.84178388
17,11,3,1,40.13524468
17,13,3,1,46.24961136
17,7,3,1,2.890686767
17,6,3,1,45.52184766
17,8,3,1,47.90925553
17,4,3,1,11.25502625
17,3,3,1,71.70514407
17,5,3,1,72.13959481
17,9,3,1,79.78226496
17,1,3,1,79.62575679
17,14,3,1,82.21280375
17,10,3,1,33.50615076
17,2,3,1,78.67116412
17,15,3,1,79.16863895
2,12,2,1,10.16290719
2,11,2,1,10.72653134
2,13,2,1,11.56918225
2,7,2,1,1.924092177
2,6,2,1,9.627089409
2,8,2,1,11.09901507
2,4,2,1,6.581266653
2,3,2,1,16.8324099
2,5,2,1,21.40006849
2,9,2,1,42.78380779
2,1,2,1,53.50463767
2,14,2,1,60.63710952
2,10,2,1,13.25100229
2,2,2,1,18.48421566
2,15,2,1,20.6070389
2,12,1,1,1.71151259
2,11,1,1,7.321293774
2,13,1,1,34.91039433
2,7,1,1,0.0
2,6,1,1,5.935933533
2,8,1,1,58.0174464
2,4,1,1,1.781909967
2,3,1,1,22.74107385
2,5,1,1,57.01120739
2,9,1,1,33.66124955
2,1,1,1,51.21151631
2,14,1,1,60.13886073
2,10,1,1,2.249906301
2,2,1,1,41.72955132
2,15,1,1,60.45904469
2,12,3,1,16.47949658
2,11,3,1,27.36893381
2,13,3,1,39.35756061
2,7,3,1,0.712699399
2,6,3,1,8.970204017
2,8,3,1,44.46296659
2,4,3,1,4.28271464
2,3,3,1,39.55034963
2,5,3,1,63.92666602
2,9,3,1,79.04497323
2,1,3,1,78.70773698
2,14,3,1,84.10193793
2,10,3,1,12.67223423
2,2,3,1,55.95219042
2,15,3,1,80.67857489
15,12,2,1,30.59884697
15,11,2,1,33.91258635
15,13,2,1,36.80129147
15,7,2,1,2.495636052
15,6,2,1,47.27988184
15,8,2,1,44.44212826
15,4,2,1,12.51112995
15,3,2,1,66.1081674
15,5,2,1,63.53604944
15,9,2,1,53.37807808
15,1,2,1,62.99169098
15,14,2,1,63.44404456
15,10,2,1,52.55158103
15,2,2,1,68.74074216
15,15,2,1,77.66689194
15,12,1,1,34.08344524
15,11,1,1,38.11608188
15,13,1,1,39.909465
15,7,1,1,1.029883817
15,6,1,1,39.21368937
15,8,1,1,35.2237201
15,4,1,1,3.311093961
15,3,1,1,57.74229286
15,5,1,1,59.48668549
15,9,1,1,64.60204454
15,1,1,1,61.25906652
15,14,1,1,62.35242374
15,10,1,1,36.30128303
15,2,1,1,63.06191521
15,15,1,1,62.65745672
15,12,3,1,33.03637259
15,11,3,1,39.20587876
15,13,3,1,41.26140824
15,7,3,1,1.728296665
15,6,3,1,49.69104828
15,8,3,1,41.80838188
15,4,3,1,3.524318044
15,3,3,1,71.55294754
15,5,3,1,72.58292155
15,9,3,1,83.76441682
15,1,3,1,82.77010873
15,14,3,1,80.16290148
15,10,3,1,44.56568658
15,2,3,1,80.07437026
15,15,3,1,81.27546311
10,12,2,1,15.75654156
10,11,2,1,40.52594956
10,13,2,1,38.16592165
10,7,2,1,0.390715033
10,6,2,1,45.77689221
10,8,2,1,41.36745101
10,4,2,1,0.860295656
10,3,2,1,63.69608906
10,5,2,1,64.24487271
10,9,2,1,63.65319734
10,1,2,1,73.26731184
10,14,2,1,70.29330199
10,10,2,1,8.47025224
10,2,2,1,70.27327326
10,15,2,1,75.8997955
10,12,1,1,12.88972347
10,11,1,1,36.29421793
10,13,1,1,37.37794419
10,7,1,1,0.252253584
10,6,1,1,37.13655068
10,8,1,1,32.8144383
10,4,1,1,0.83326199
10,3,1,1,55.17541483
10,5,1,1,57.50576347
10,9,1,1,66.07394644
10,1,1,1,64.68492451
10,14,1,1,60.93427362
10,10,1,1,6.684386034
10,2,1,1,63.13467167
10,15,1,1,65.07775968
10,12,3,1,11.91198349
10,11,3,1,39.35316158
10,13,3,1,43.82916168
10,7,3,1,0.381599662
10,6,3,1,49.01650319
10,8,3,1,42.67624543
10,4,3,1,0.745430861
10,3,3,1,69.58481273
10,5,3,1,71.48272249
10,9,3,1,82.32171897
10,1,3,1,81.29892199
10,14,3,1,82.3438198
10,10,3,1,7.182520972
10,2,3,1,75.98553455
10,15,3,1,82.40046293
17,12,2,2,9.973367678
17,11,2,2,12.38761085
17,13,2,2,12.79513925
17,7,2,2,0.746156967
17,6,2,2,12.59161714
17,8,2,2,14.72607829
17,4,2,2,12.28165388
17,3,2,2,24.42477517
17,5,2,2,26.50151753
17,9,2,2,24.72320112
17,1,2,2,27.98543221
17,14,2,2,32.32915323
17,10,2,2,8.50474803
17,2,2,2,15.43456925
17,15,2,2,19.90695412
17,12,1,2,2.74121661
17,11,1,2,20.07939568
17,13,1,2,33.6420654
17,7,1,2,0.328567973
17,6,1,2,12.21281347
17,8,1,2,33.66516566
17,4,1,2,1.993041801
17,3,1,2,24.96800216
17,5,1,2,59.5664451
17,9,1,2,32.57727167
17,1,1,2,44.24461772
17,14,1,2,61.37532466
17,10,1,2,1.607816561
17,2,1,2,42.1300284
17,15,1,2,55.13286563
17,12,3,2,13.51164782
17,11,3,2,36.28377215
17,13,3,2,43.31119655
17,7,3,2,0.568210949
17,6,3,2,31.09780796
17,8,3,2,44.42036094
17,4,3,2,6.604799576
17,3,3,2,53.30648897
17,5,3,2,73.95398123
17,9,3,2,64.98015189
17,1,3,2,71.05445565
17,14,3,2,83.94468409
17,10,3,2,2.019729051
17,2,3,2,55.99062735
17,15,3,2,83.04189522
2,12,2,2,17.35437544
2,11,2,2,28.92940614
2,13,2,2,34.70800352
2,7,2,2,0.572188732
2,6,2,2,38.02062933
2,8,2,2,38.77000873
2,4,2,2,13.95905877
2,3,2,2,60.55316321
2,5,2,2,63.14360639
2,9,2,2,41.14460565
2,1,2,2,47.20893463
2,14,2,2,58.17261114
2,10,2,2,13.53376242
2,2,2,2,53.60304102
2,15,2,2,58.45828833
2,12,1,2,5.492602222
2,11,1,2,30.47937114
2,13,1,2,38.18576353
2,7,1,2,0.0
2,6,1,2,21.09483753
2,8,1,2,57.7087314
2,4,1,2,6.312401384
2,3,1,2,40.61436819
2,5,1,2,62.9440737
2,9,1,2,29.74076309
2,1,1,2,38.06656269
2,14,1,2,64.15465798
2,10,1,2,4.069080612
2,2,1,2,49.17268474
2,15,1,2,57.52960259
2,12,3,2,12.78962475
2,11,3,2,31.88542104
2,13,3,2,41.17290032
2,7,3,2,0.0
2,6,3,2,36.44526769
2,8,3,2,47.11829387
2,4,3,2,6.880494813
2,3,3,2,62.86856054
2,5,3,2,72.345187
2,9,3,2,72.24358198
2,1,3,2,73.49750543
2,14,3,2,86.32465757
2,10,3,2,2.394294255
2,2,3,2,47.68791361
2,15,3,2,81.55614964
15,12,2,2,11.04036087
15,11,2,2,24.23482722
15,13,2,2,31.2993075
15,7,2,2,0.337596865
15,6,2,2,46.64890669
15,8,2,2,45.17206702
15,4,2,2,9.993569506
15,3,2,2,68.91825786
15,5,2,2,69.27632316
15,9,2,2,78.77070783
15,1,2,2,76.11415284
15,14,2,2,81.78695125
15,10,2,2,3.724806832
15,2,2,2,17.80357266
15,15,2,2,61.99734129
15,12,1,2,27.20831726
15,11,1,2,38.14083048
15,13,1,2,36.4250561
15,7,1,2,1.088494579
15,6,1,2,37.85579692
15,8,1,2,41.07404232
15,4,1,2,8.955312407
15,3,1,2,59.10146589
15,5,1,2,65.48133698
15,9,1,2,62.79572595
15,1,1,2,65.86005497
15,14,1,2,64.68104609
15,10,1,2,25.61137798
15,2,1,2,56.47869884
15,15,1,2,60.5253289
15,12,3,2,28.57251929
15,11,3,2,38.20471013
15,13,3,2,41.63261266
15,7,3,2,1.226874544
15,6,3,2,47.15627467
15,8,3,2,49.15467449
15,4,3,2,9.293896224
15,3,3,2,74.97052076
15,5,3,2,75.97219172
15,9,3,2,85.53405964
15,1,3,2,80.79670421
15,14,3,2,85.64532689
15,10,3,2,21.70039266
15,2,3,2,76.95155975
15,15,3,2,80.7977409
10,12,2,2,2.008708666
10,11,2,2,25.56755062
10,13,2,2,32.35958784
10,7,2,2,0.0
10,6,2,2,41.6263458
10,8,2,2,41.53702825
10,4,2,2,5.761815995
10,3,2,2,63.22828466
10,5,2,2,66.89026205
10,9,2,2,72.60987428
10,1,2,2,78.22401013
10,14,2,2,70.14060434
10,10,2,2,0.810171959
10,2,2,2,48.96975625
10,15,2,2,50.40479784
10,12,1,2,6.090802245
10,11,1,2,38.90083473
10,13,1,2,37.47062049
10,7,1,2,0.0
10,6,1,2,35.15329281
10,8,1,2,41.08459601
10,4,1,2,4.12761042
10,3,1,2,56.83415199
10,5,1,2,65.44832937
10,9,1,2,58.01064055
10,1,1,2,63.16520406
10,14,1,2,66.65248144
10,10,1,2,2.68455705
10,2,1,2,58.35068095
10,15,1,2,61.04278074
10,12,3,2,6.03417912
10,11,3,2,38.15565558
10,13,3,2,45.15638688
10,7,3,2,0.0
10,6,3,2,36.98776703
10,8,3,2,44.33872807
10,4,3,2,4.225486824
10,3,3,2,59.21946541
10,5,3,2,74.59845802
10,9,3,2,78.02488381
10,1,3,2,80.73687357
10,14,3,2,88.24637541
10,10,3,2,1.957264533
10,2,3,2,65.74098646
10,15,3,2,83.83843021
17,12,2,4,10.47269891
17,11,2,4,12.16304801
17,13,2,4,10.78771766
17,7,2,4,1.152131483
17,6,2,4,14.89842021
17,8,2,4,16.26779165
17,4,2,4,4.656693452
17,3,2,4,21.20587604
17,5,2,4,27.6859428
17,9,2,4,21.50066765
17,1,2,4,25.90827653
17,14,2,4,28.29509241
17,10,2,4,14.7474972
17,2,2,4,17.65611496
17,15,2,4,19.96336659
17,12,1,4,2.505489323
17,11,1,4,15.19101144
17,13,1,4,34.1813834
17,7,1,4,0.467733508
17,6,1,4,14.98944103
17,8,1,4,40.85999304
17,4,1,4,0.648980669
17,3,1,4,24.05265274
17,5,1,4,60.8676331
17,9,1,4,20.28381752
17,1,1,4,30.24326754
17,14,1,4,53.5695113
17,10,1,4,1.726024029
17,2,1,4,36.92601799
17,15,1,4,56.57387493
17,12,3,4,7.949590254
17,11,3,4,30.30978378
17,13,3,4,47.10591975
17,7,3,4,0.256451547
17,6,3,4,26.95590806
17,8,3,4,49.01475041
17,4,3,4,0.727174946
17,3,3,4,34.67021781
17,5,3,4,73.39202626
17,9,3,4,29.55686861
17,1,3,4,41.06227561
17,14,3,4,86.42573792
17,10,3,4,0.0
17,2,3,4,27.34305282
17,15,3,4,76.73986616
2,12,2,4,15.5615648
2,11,2,4,24.35604753
2,13,2,4,28.85136629
2,7,2,4,0.979807222
2,6,2,4,29.01476311
2,8,2,4,33.20741805
2,4,2,4,4.08442672
2,3,2,4,46.70548466
2,5,2,4,49.28704587
2,9,2,4,31.37415917
2,1,2,4,37.12306374
2,14,2,4,42.69698784
2,10,2,4,16.74814495
2,2,2,4,52.20286143
2,15,2,4,56.41870071
2,12,1,4,3.434831672
2,11,1,4,26.32369704
2,13,1,4,36.14852387
2,7,1,4,0.0
2,6,1,4,16.7341519
2,8,1,4,49.985461
2,4,1,4,0.995077613
2,3,1,4,30.16614104
2,5,1,4,59.31991617
2,9,1,4,20.49711258
2,1,1,4,31.02334366
2,14,1,4,56.03747384
2,10,1,4,2.039001868
2,2,1,4,47.55321922
2,15,1,4,59.16216512
2,12,3,4,5.071740985
2,11,3,4,31.60555467
2,13,3,4,41.60266431
2,7,3,4,0.0
2,6,3,4,20.44948228
2,8,3,4,46.3015164
2,4,3,4,1.005881291
2,3,3,4,34.47263315
2,5,3,4,72.29221067
2,9,3,4,31.19527434
2,1,3,4,39.71442231
2,14,3,4,83.49602396
2,10,3,4,0.0
2,2,3,4,27.15696835
2,15,3,4,67.35182955
15,12,2,4,6.112603375
15,11,2,4,19.11941212
15,13,2,4,29.76126623
15,7,2,4,0.0
15,6,2,4,49.20462645
15,8,2,4,49.50904012
15,4,2,4,1.743650282
15,3,2,4,67.14890203
15,5,2,4,68.20094264
15,9,2,4,74.20453315
15,1,2,4,74.49984474
15,14,2,4,83.44233536
15,10,2,4,2.899493403
15,2,2,4,16.85617983
15,15,2,4,65.67896113
15,12,1,4,17.43734901
15,11,1,4,35.28597628
15,13,1,4,36.96535355
15,7,1,4,0.926720681
15,6,1,4,38.5633346
15,8,1,4,39.70763397
15,4,1,4,1.666950752
15,3,1,4,57.55922845
15,5,1,4,61.4373102
15,9,1,4,44.04139335
15,1,1,4,53.66497703
15,14,1,4,58.26903703
15,10,1,4,15.2876268
15,2,1,4,59.26239712
15,15,1,4,62.55956501
15,12,3,4,15.21649465
15,11,3,4,37.4061745
15,13,3,4,43.02832469
15,7,3,4,1.126878627
15,6,3,4,43.83894822
15,8,3,4,48.45171074
15,4,3,4,1.342248202
15,3,3,4,69.84952946
15,5,3,4,74.90352783
15,9,3,4,78.41262052
15,1,3,4,80.77035612
15,14,3,4,84.70172213
15,10,3,4,9.540861126
15,2,3,4,61.6695561
15,15,3,4,74.59231799
10,12,2,4,1.159391266
10,11,2,4,19.7798759
10,13,2,4,27.25583167
10,7,2,4,0.0
10,6,2,4,27.61595801
10,8,2,4,44.94211074
10,4,2,4,0.0
10,3,2,4,49.88008869
10,5,2,4,61.83593039
10,9,2,4,54.69797468
10,1,2,4,66.42814295
10,14,2,4,66.04767415
10,10,2,4,0.899554125
10,2,2,4,41.91155944
10,15,2,4,45.77046106
10,12,1,4,2.749074467
10,11,1,4,28.74221631
10,13,1,4,33.74215602
10,7,1,4,0.0
10,6,1,4,20.54633014
10,8,1,4,34.2854552
10,4,1,4,0.52608193
10,3,1,4,35.20097749
10,5,1,4,57.87416713
10,9,1,4,28.17135486
10,1,1,4,42.18931962
10,14,1,4,54.86277738
10,10,1,4,1.720185042
10,2,1,4,52.96278289
10,15,1,4,55.26466335
10,12,3,4,2.565604497
10,11,3,4,25.67305216
10,13,3,4,40.24019595
10,7,3,4,0.0
10,6,3,4,20.84643886
10,8,3,4,46.31398784
10,4,3,4,0.553317014
10,3,3,4,32.70750682
10,5,3,4,69.61841713
10,9,3,4,38.40380593
10,1,3,4,57.42667045
10,14,3,4,86.23315653
10,10,3,4,1.44008073
10,2,3,4,43.53836522
10,15,3,4,69.79590237
